state,population,pd
8,0.19,0.498572103
53,0,0.612678184
24,0,0.463057522
34,0.04,0.416387203
42,0.01,0.185948452
6,0.02,0.482110516
44,0.01,0.222669062
6,0.01,0.565996336
21,0.03,0.444550414
29,0.01,0.281655159
6,0.13,0.671550134
36,0.02,0.251529234
25,0.03,0.113894231
55,0.01,0.264975129
6,0.04,0.529080829
19,0.03,0.380728676
36,0.15,0.586854454
34,0.01,0.266113671
18,0.02,0.313999376
42,0,0.299657989
6,0.25,0.619345366
12,1,0.802319143
41,0.01,0.544267235
19,0.11,0.503273747
6,0.02,0.542866434
8,0,0.447322627
6,0.06,0.648304555
39,0.01,0.340265095
54,0.01,0.452430842
9,0,0.278161992
1,0.01,0.327253295
19,0.29,0.647036855
1,0.04,0.305684389
51,0.09,0.465056129
6,0.03,0.393442189
18,0.19,0.597516168
6,0.03,0.431375241
41,0.01,0.439649747
40,0.02,0.481834592
34,0.01,0.373578762
34,0.01,0.33618508
44,0.06,0.354457157
1,0,0.567352049
6,0.09,0.610291484
34,0.02,0.119228308
8,0.12,0.375957208
34,0.03,0.409284814
35,0,0.468703751
8,0.04,0.4071708
33,0.01,0.413699172
18,0.06,0.562289508
6,0.35,0.651596171
34,0.04,0.391716846
34,0.02,0.195317339
39,0,0.459877807
48,0.01,0.628255652
6,0.16,0.507171431
53,0,0.520020482
1,0.24,0.513984834
34,0,0.276688266
34,0.01,0.267152501
51,0.02,0.40556969
41,0,0.396744012
4,0.01,0.613631154
6,0.02,0.596118201
6,0.04,0.398866749
37,0.07,0.542747386
34,0.01,0.292748257
34,0.05,0.619141076
36,0,0.341462034
29,0.04,0.183746026
6,0.05,0.39995395
19,0.04,0.273811586
9,0.02,0.243165689
9,0.08,0.447662443
25,0.02,0.395962014
40,0.02,0.660599924
48,0.08,0.701156294
8,0.14,0.667483874
8,0.34,0.622092983
36,0.29,0.508562869
49,0.09,0.770954248
48,0,0.537721069
39,0.01,0.150154685
46,0,0.224631596
29,0,0.344732606
4,0.02,0.416064264
6,0.02,0.359461225
41,0,0.42511545
6,0.04,0.451811619
12,0.02,0.687754306
28,0.02,0.341167743
44,0,0.273220268
41,0,0.362396881
6,0.04,0.436760777
25,0.07,0.398335322
6,0.03,0.636878211
19,0.06,0.260191656
9,0.01,0.172308488
33,0.14,0.480548492
40,0.11,0.580416667
34,0,0.311496145
12,0.18,0.726708492
48,0.24,0.663310819
46,0,0.242241803
22,0.01,0.534816496
6,0.05,0.418203355
42,0.01,0.282779595
48,0,0.501997078
4,0.64,0.769538253
12,0.06,0.579381406
42,0.01,0.221135202
25,0.02,0.228791182
6,0.13,0.590520691
6,0,0.723162924
34,0.01,0.160971362
6,0.16,0.843190693
42,0.02,0.141247112
12,0.03,0.351222639
6,0.12,0.781575691
12,0.06,0.569627246
34,0.02,0.238944388
39,0.03,0.159045905
45,0,0.271140724
33,0.02,0.280843768
39,0.01,0.353374039
42,0.05,0.305835276
6,0.01,0.488040276
6,0.03,0.677093158
39,0,0.261156124
28,0.02,0.513939546
25,0,0.315050738
16,0.01,0.489215589
6,0.05,0.394307225
34,0.1,0.298935225
34,0.01,0.213892173
25,0,0.139203458
6,0.04,0.623214552
47,0,0.36462202
6,0.01,0.192971176
6,0.03,0.290802888
33,0.03,0.396549937
5,0.03,0.629693018
34,0.02,0.297573427
6,0.06,0.489625654
25,0.15,0.594363569
22,0.34,0.756180532
42,0.01,0.306280649
12,0.01,0.566618711
12,0.02,0.559507763
48,0.12,0.579686834
37,0.11,0.571098736
39,0.01,0.266270504
44,0.03,0.249109656
12,0,0.651489986
34,0.08,0.651257227
6,0.02,0.272778114
37,0.01,0.523947685
12,0.14,0.618033763
40,0,0.362644374
29,0.01,0.278359535
9,0.03,0.382697994
25,0.04,0.248276522
25,0.02,0.20981764
34,0.01,0.162950134
6,0.04,0.445560311
51,0.04,0.181223938
48,0.01,0.458486484
37,0.02,0.441145444
39,0.06,0.46636585
54,0.07,0.511604712
42,0,0.326162875
18,0,0.341205959
48,0.03,0.650869835
25,0.11,0.635832447
34,0.13,0.366840791
42,0.02,0.191472731
34,0.35,0.822347506
53,0.01,0.434631482
40,0,0.406958626
39,0.03,0.460080088
35,0,0.460633145
48,0,0.501727272
34,0,0.170820349
9,0.07,0.346020982
37,0.28,0.553485185
12,0.11,0.406880201
18,0.02,0.308080847
42,0.01,0.213735027
39,0.02,0.310751396
34,0.01,0.56216747
25,0.04,0.378250593
39,0.02,0.216633777
48,0.02,0.391932022
49,0,0.308384629
25,0,0.255329387
50,0.01,0.419726249
13,0.2,0.737366814
6,0.09,0.657111537
37,0.01,0.490360235
12,0.03,0.55734617
34,0,0.304943887
18,0.01,0.621352921
6,0.01,0.590892494
42,0,0.279406434
41,0.16,0.505063792
6,0.2,0.537519318
39,0,0.3188341
25,0.03,0.21814189
45,0,0.15704617
24,0.01,0.56234483
54,0,0.245255168
12,0.03,0.730148446
34,0.01,0.337835106
48,0.01,0.389363183
6,0.07,0.616426713
48,0.03,0.496168462
49,0,0.358311355
51,0.07,0.561785934
23,0.02,0.296810593
55,0,0.239171946
36,0.02,0.488942814
42,0.07,0.615401708
39,0,0.22918833
55,0.04,0.295888576
1,0,0.451469965
48,0.02,0.596460316
44,0.1,0.48628035
45,0,0.425274036
13,0.01,0.639421277
19,0,0.438715685
42,0,0.325678472
53,0.02,0.487618448
9,0.19,0.670738158
25,0.03,0.321884511
48,0.01,0.505186254
6,0.03,0.484716318
55,0.02,0.247507837
25,0.05,0.30670717
53,0.04,0.609527855
25,0.03,0.17673554
42,0.02,0.442201969
6,0.11,0.570856465
6,0.15,0.736187177
39,0.02,0.384527351
6,0.08,0.508181403
6,0.08,0.707823219
12,0.01,0.535198527
45,0.05,0.609737903
55,0.07,0.396782715
37,0.62,0.64704578
12,0.1,0.609378668
18,0.02,0.168867366
34,0,0.513349704
42,0.01,0.18191153
45,0.1,0.705122602
29,0.01,0.529294199
42,0,0.233118509
54,0.01,0.405043668
48,0,0.609184141
18,0.02,0.443119738
12,0.02,0.557049322
51,0.31,0.748509474
9,0.03,0.190699812
44,0.03,0.302468227
47,0.03,0.335055879
1,0.28,0.655862534
29,0.01,0.425880894
29,0,0.219977581
25,0.01,0.337193838
25,0.03,0.312683835
47,0.04,0.409865867
12,0,0.652312556
18,0.04,0.617328427
25,0,0.267993647
6,0.06,0.699235072
1,0.02,0.585892116
9,0.06,0.394894343
9,0.01,0.356705516
38,0.06,0.286688174
48,0.01,0.372414537
25,0.01,0.416346422
42,0.01,0.280687126
8,0.03,0.570348081
34,0.01,0.424069181
48,0.01,0.607626079
34,0.03,0.584388417
33,0,0.082183398
48,0.02,0.55595955
25,0.01,0.389794217
34,0.02,0.378790436
51,0,0.301115709
42,0.01,0.121923658
42,0.15,0.537879525
39,0.02,0.313209298
34,0.04,0.30149605
6,0.67,0.834809493
34,0.01,0.19433791
6,0,0.521747056
53,0.06,0.648987872
39,0.02,0.361001578
1,0,0.386717126
1,0.01,0.355565133
13,0.02,0.534253616
40,0.02,0.459336725
6,0.04,0.423041983
48,0.09,0.727182874
39,0.03,0.511486573
34,0.03,0.285727164
25,0.02,0.195669769
29,0.01,0.368477849
34,0.07,0.429684518
34,0.08,0.428911154
39,0.12,0.545738963
34,0.01,0.376261182
36,0.08,0.566848667
37,0.01,0.522995511
6,0.01,0.583415755
39,0,0.235679149
6,0.01,0.561682634
21,0,0.407970715
40,0.02,0.398787542
23,0.02,0.372878915
48,0.09,0.603156549
6,0.08,0.553469745
4,0.02,0.560996751
19,0,0.303831667
47,0.04,0.338715164
34,0.01,0.40127286
6,0.04,0.625257902
39,0.05,0.334160677
48,0.04,0.419727961
34,0.03,0.171638632
34,0.04,0.932441623
48,0.01,0.492901007
42,0.06,0.166037736
49,0.12,0.469375732
39,0.03,0.191121438
9,0.07,0.408106882
48,0,0.40042822
34,0.11,0.393565089
39,0,0.308511966
25,0,0.273967892
36,0.04,0.36313705
55,0.01,0.357626379
55,0.14,0.387989669
53,0.81,0.752156774
8,0.08,0.469500318
34,0,0.185609098
53,0.02,0.202223394
9,0,0.274664685
39,0.02,0.329064001
46,0.02,0.277429998
39,0.01,0.330216488
49,0.09,0.341850943
36,0.01,0.311621245
25,0.06,0.297087255
34,0.01,0.296935531
18,0.01,0.444119366
40,0,0.36620633
1,0.02,0.349452595
29,0.02,0.465634733
1,0.41,0.8108333
41,0,0.390610797
41,0.02,0.450799493
18,0.15,0.55588169
42,0.16,0.550627645
48,0.01,0.616295292
48,0.07,0.364008389
29,0.07,0.273215549
48,0.03,0.606963338
13,0.03,0.555777592
55,0.01,0.265566385
33,0.02,0.296559033
13,0.01,0.476249447
6,0.02,0.266629274
9,0.03,0.217059909
49,0.01,0.500469106
34,0.02,0.486980084
45,0.01,0.43473492
42,0.11,0.647460578
47,0.01,0.235421859
34,0.02,0.192232645
8,0,0.376715286
34,0.16,0.684738402
48,0,0.395867127
6,0.08,0.483373655
48,0,0.465797819
6,0.17,0.541522469
39,0.01,0.262773997
6,0,0.191094354
53,0.01,0.322530416
37,0.03,0.465873038
48,0.03,0.655154292
48,0,0.191928081
16,0.03,0.398326144
48,0.14,0.70183495
42,0.01,0.405264483
51,0.01,0.581717326
12,0.03,0.62781483
39,0.07,0.548833421
55,0.99,0.745073758
22,0,0.544925267
48,0,0.686378093
6,0.01,0.496092713
4,0.01,0.735804051
27,0.01,0.342019712
8,0.01,0.711805176
37,0.06,0.497839902
6,0.03,0.484549308
12,0.04,0.763264144
36,0.02,0.438934312
37,0.01,0.385720759
24,1,0.92764216
34,0.02,0.375683643
12,0,0.29072815
18,0,0.350661943
34,0,0.366865667
25,0.01,0.303536032
48,0.01,0.499758691
1,0.03,0.583682028
25,0.04,0.360236393
34,0.01,0.253164823
21,0.05,0.736043516
42,0.01,0.163621487
48,0.01,0.590303187
42,0.01,0.174065866
45,0.03,0.526588342
48,0.03,0.488651498
6,0.19,0.688576138
44,0.02,0.338153956
6,0.58,0.847269322
55,0,0.215726396
28,0.05,0.580214285
23,0,0.402488761
34,0,0.266946085
36,0.06,0.374486979
9,0.01,0.374065686
6,0.43,0.643607112
8,0.03,0.61820286
12,0.01,0.394503536
47,0.03,0.422652459
5,0.01,0.445867412
39,0.01,0.306577451
48,0.08,0.843267249
47,0.01,0.346757117
1,0,0.410755756
34,0.08,0.716865259
34,0.02,0.213202643
39,0.02,0.20298145
47,0,0.403852041
55,0.04,0.29035476
37,0.03,0.526109555
18,0.05,0.480865937
48,0.15,0.678306009
49,0.01,0.379412139
29,0.03,0.316607125
12,0.03,0.809839693
51,0,0.434558622
33,0.02,0.213903458
13,0,0.499249959
39,0.04,0.180561566
6,0,0.648357027
25,0.06,0.441009201
53,0.27,0.65673367
8,0,0.463336028
34,0.01,0.228265871
6,0.02,0.367659219
39,0.03,0.354265297
34,0,0.407649198
53,0.1,0.671596046
49,0.1,0.304692264
13,0.03,0.573676062
37,0.03,0.513319542
13,0.01,0.530329782
53,0.01,0.547077428
55,0.04,0.488613731
6,0.08,0.577753254
55,0.01,0.173105882
47,0.01,0.463155847
12,0.01,0.444628529
6,0.03,0.415458957
21,0.03,0.472399633
48,0.05,0.538273218
36,0.04,0.176723314
48,0.73,0.786807736
53,0.04,0.404907803
39,0.03,0.42879026
47,0.02,0.417203744
34,0.01,0.36728341
34,0,0.21409321
28,0.02,0.566632498
25,0.01,0.087039442
34,0.06,0.246000818
53,0.02,0.796522624
35,0,0.592228902
9,0.11,0.484715939
39,0.06,0.510946678
25,0.01,0.253291988
6,0.25,0.901710839
25,0.04,0.329181222
5,0.06,0.406764387
34,0.03,0.272164827
55,0,0.178402459
40,0.07,0.561037697
47,0.25,0.677529474
39,0.1,0.547247506
41,0.07,0.447705777
48,0,0.767596926
23,0,0.294461622
40,0.05,0.488008782
55,0.11,0.47598683
39,0.02,0.41510147
6,0.17,0.530457595
40,0.04,0.360986657
42,0,0.239488058
34,0.04,0.424416995
5,0.02,0.322664086
8,0.01,0.482286202
19,0,0.288272195
12,0.09,0.386348552
25,0.05,0.360889561
39,1,0.669633261
5,0,0.441302142
36,0.03,0.353504968
35,0.6,0.702014825
13,0.01,0.537006414
36,0,0.375307481
6,0.08,0.620556901
44,0,0.296772599
34,0,0.27735451
8,0.04,0.319193383
39,0.52,0.686121096
6,0.02,0.468189913
42,0,0.409508028
45,0.01,0.448117325
55,0.02,0.236982111
34,0,0.424433547
34,0.01,0.292204374
37,0.01,0.497881028
42,0.08,0.412416887
6,0.05,0.449068226
42,0.01,0.28763522
25,0.01,0.262402024
34,0.08,0.751496652
6,0.01,0.594097183
34,0.01,0.346399742
18,0.03,0.27608937
19,0.03,0.334947898
36,0.01,0.435722046
19,0.02,0.257885239
41,0.01,0.494930371
6,0.12,0.657418574
9,0.16,0.466121601
34,0.02,0.282616751
37,0.02,0.475119593
23,0.02,0.35862415
20,0.47,0.639425145
6,0.04,0.484102459
6,0.02,0.410834113
34,0.01,0.776366901
18,0,0.216236893
34,0.05,0.262099172
1,0.04,0.380778994
6,1,0.940323192
38,0.04,0.314146967
47,0.03,0.373584807
6,0.1,0.452199394
48,0.4,0.772499837
48,0.02,0.564986631
6,0.07,0.379400287
12,0.02,0.414664545
44,0.11,0.322884316
36,0.03,0.268947834
42,0.02,0.275495765
39,0.01,0.133259232
42,0.01,0.306131044
25,0.02,0.167767326
18,0.05,0.453186717
9,0.01,0.35157064
34,0,0.267907932
34,0,0.116744038
29,0.01,0.450160653
36,0.01,0.38955378
34,0.1,0.25944901
9,0.01,0.308023729
13,0.11,0.663539333
48,0,0.63452616
42,0.11,0.371328411
56,0.03,0.326528623
40,0.01,0.543274167
42,0.07,0.787647848
47,0.04,0.146924366
34,0,0.205165518
9,0.02,0.215415453
39,0.03,0.420159012
36,0.06,0.463405836
25,0.07,0.437781897
18,0.05,0.579584289
1,0,0.294231091
36,1,0.844004028
6,0.04,0.638409436
36,0,0.330560352
6,0.07,0.432602196
12,0.04,0.730544664
21,0.01,0.356373714
54,0,0.382685748
18,0.03,0.407976909
36,0.02,0.469402882
42,0.02,0.153036727
6,0.09,0.523924755
42,0.04,0.478856383
29,0.16,0.475673423
25,0.05,0.413451496
6,0,0.496500907
36,0.01,0.425573973
39,0.01,0.237090685
46,0.07,0.436586048
45,0.01,0.509362994
6,0.05,0.290663688
13,0.01,0.474721541
55,0.07,0.33927922
33,0,0.31861283
25,0.05,0.313295324
6,0.07,0.630368437
56,0.06,0.456778551
34,0.01,0.341852594
23,0.02,0.309585845
48,0.01,0.477035689
55,0.01,0.230343504
18,0.17,0.85142747
34,0.13,0.790059352
51,0.01,0.392961777
28,0.01,0.663210584
21,0,0.330495771
41,0.03,0.393135305
48,0.02,0.767597129
25,0.13,0.537945123
12,0.08,0.450340143
46,0.14,0.436057083
6,0,0.524459922
9,0.21,0.759826633
1,0,0.340659737
49,0.04,0.259686729
25,0.01,0.147713968
12,0,0.429799529
48,0,0.722671103
34,0,0.233286115
6,0.03,0.640960164
1,0,0.335087684
51,0.01,0.227218665
6,0.04,0.474768113
9,0.02,0.157326199
42,0.01,0.27361438
50,0.01,0.435912621
25,0.03,0.293646486
47,0,0.343053837
6,0.03,0.237563339
6,0.06,0.468430843
18,0.01,0.380666947
48,0.02,0.734977563
29,0.02,0.212861751
37,0.32,0.485772501
48,0.7,0.976461601
41,0.01,0.487660301
6,0.08,0.585763852
1,0.01,0.348327788
13,0.62,0.938871576
6,0.04,0.631334244
25,0.91,0.762670199
6,0.03,0.638107323
34,0,0.301638033
49,0.05,0.418210997
44,0.01,0.572389278
51,0.14,0.59871634
39,0.14,0.600893615
47,0.23,0.634761705
27,0.01,0.416703351
12,0,0.82179925
55,0.04,0.191664337
39,0.01,0.575633654
6,0.13,0.676018035
42,1,0.856723522
12,0.01,0.416804893
53,0.05,0.597873579
34,0.02,0.270543555
4,0.03,0.445697767
6,0.07,0.610818957
53,0.07,0.642946402
6,0.05,0.397262003
39,0,0.224537681
51,0.15,0.670350009
6,0.07,0.670662876
13,0.06,0.775701329
47,0.01,0.463459552
48,1,0.986957166
34,0.04,0.221401492
39,0.04,0.483702391
48,0.18,0.776593689
6,0.05,0.591276951
6,0.05,0.735159722
41,0.03,0.54791913
41,0,0.510612869
23,0,0.211330899
6,0.09,0.48608213
51,0,0.28361641
39,0.02,0.442379414
40,0.01,0.492927865
12,0.02,0.429526912
42,0,0.302920383
21,0.01,0.223872035
39,0.1,0.608800692
27,0.02,0.250533647
48,0.01,0.415325766
21,0,0.331503835
9,0.02,0.325741074
6,0.05,0.531470361
29,0.05,0.386974949
48,0.02,0.454156803
34,0.02,0.290716755
33,0.03,0.463230283
41,0.03,0.32637922
6,0.01,0.479567654
6,0.03,0.699821873
42,0.01,0.315811043
42,0.03,0.186000564
6,0.13,0.828298743
13,0.16,0.779297728
39,0.01,0.372069413
6,0.13,0.64754647
48,0.01,0.400523046
12,0,0.402953747
22,0.01,0.842756508
39,0.02,0.496911994
12,0.01,0.327731393
37,0.01,0.438102056
42,0,0.406527478
33,0,0.262326064
23,0.09,0.503524401
48,0.19,0.363256569
51,0.16,0.58691427
25,0.01,0.30691463
37,0.01,0.467260771
28,0.03,0.403499366
6,0.03,0.235931453
24,0.02,0.450143637
38,0.01,0.266519651
44,0.12,0.354946254
39,0,0.332603426
50,0,0.303713937
48,0.03,0.607987129
6,0.02,0.427398849
21,0.07,0.470959108
55,0.02,0.251203743
25,0,0.248843397
53,0.05,0.514054645
39,0.01,0.283072506
37,0,0.357842106
6,0.02,0.587284143
19,0.03,0.287622975
48,0.03,0.425031418
41,0.02,0.477615102
34,0.01,0.251754522
6,0,0.573385391
9,0.01,0.319762955
34,0,0.356715478
48,0.07,0.578917192
12,0.01,0.490456106
47,0.02,0.318397286
6,0.03,0.579737613
1,0.07,0.533138452
34,0,0.184438396
21,0.03,0.48366993
36,0.01,0.33683912
29,0.02,0.4186754
47,0,0.455667653
34,0.1,0.807448406
36,0.09,0.539585381
49,0.03,0.470585152
47,0,0.421855439
6,0.12,0.664819857
47,0.06,0.470750806
34,0.01,0.428918589
5,0.08,0.591706853
34,0.06,0.322336372
37,0.01,0.290569769
25,0.14,0.512131085
44,0.03,0.327909876
1,0.02,0.184753167
34,0.01,0.146997653
34,0.04,0.572435939
13,0.03,0.55587495
55,0.01,0.156631498
12,0.09,0.387387172
41,0.01,0.553392771
12,0.08,0.471878896
55,0,0.269976645
41,0.01,0.511264497
42,0.02,0.294502949
2,0.03,0.528726375
42,0,0.222150036
34,0.03,0.492710017
34,0.02,0.373807261
22,0,0.486079097
48,0.02,0.50860249
53,0.01,0.437966534
41,0.01,0.445892959
29,0.04,0.380653387
8,0.44,0.602607689
16,0.01,0.440246884
12,0,0.588751364
6,0.09,0.597986264
53,0.04,0.540074827
54,0.02,0.332653374
40,0,0.466809507
34,0.13,0.33384902
34,0.01,0.45480783
25,0,0.247540221
44,0,0.202334477
13,0.01,0.339760348
42,0.02,0.277783127
28,0.05,0.573932175
29,0,0.380919253
48,0.03,0.454614862
25,0.01,0.38401996
25,0.01,0.280836916
6,0.01,0.396765213
12,0,0.510705385
42,0.02,0.566663795
6,0.05,0.527194744
12,0.04,0.401183724
9,0.03,0.249019321
44,0.01,0.279254204
42,0.03,0.198149392
12,0,0.409186926
6,0.02,0.510302006
39,0.02,0.482561298
6,0.05,0.479202875
9,0.08,0.287783756
42,0,0.200120781
48,0.15,0.594813716
6,0.02,0.83048059
6,0.04,0.43935145
18,0.12,0.59465115
12,0.05,0.512003372
6,0.16,0.713139345
37,0.01,0.435596546
35,0.04,0.523647184
39,0.02,0.323503011
6,0.03,0.220782607
6,0.06,0.389047676
9,0,0.334762328
42,0,0.332873639
39,0,0.162956215
48,0.06,0.69392827
24,0,0.539423293
4,0.06,0.494729463
37,0.04,0.540023529
39,0.06,0.725692832
48,0.02,0.633010513
42,0.01,0.300228188
4,0,0.518070029
37,0.01,0.411098101
18,0.02,0.370329871
48,0.02,0.6075124
5,0.01,0.503509519
45,0.05,0.548933112
12,0.07,0.698259502
48,0.23,0.674960571
12,0.12,0.546303783
12,0.03,0.550768142
6,0.04,0.53151572
48,0.01,0.278292362
48,0.01,0.253886821
13,0.05,0.613652015
48,0.02,0.304646761
1,0.01,0.447567726
37,0.05,0.309286317
39,0.01,0.360867144
21,0.01,0.252335275
6,0.02,0.401908611
45,0,0.351230583
6,0.07,0.344547698
40,0.04,0.539334383
18,0.02,0.467169403
6,0.11,0.545623017
6,0.14,0.563156343
42,0.01,0.227939651
18,0.02,0.113448959
6,0.06,0.508049173
25,0.07,0.312698402
42,0.01,0.24895778
13,0,0.168429681
46,0.01,0.208209768
5,0.03,0.294762529
1,0.01,0.378622336
47,0.01,0.325949849
9,0.04,0.467556157
48,0.01,0.452741187
24,0.04,0.578599632
55,0.02,0.257868477
18,0.01,0.268138933
36,0.02,0.324623671
44,0.01,0.348674791
6,0.1,0.320570353
33,0.03,0.418087667
6,0.16,0.642111723
34,0.01,0.363725788
55,0.01,0.25630531
29,0.68,0.791363902
34,0,0.163757433
21,0,0.314073576
42,0.01,0.282500762
36,0.04,0.563526185
49,0.04,0.391413853
8,0,0.275531616
9,0.08,0.224050589
1,0,0.557478109
16,0.06,0.50314779
4,0.19,0.477139037
12,0,0.573730573
34,0.01,0.22686654
25,0.01,0.309131161
34,0.06,0.311602633
48,0,0.517103875
18,0.01,0.322414113
6,0.06,0.533312161
40,0,0.536834968
54,0.02,0.415482276
6,0.04,0.473508675
44,0.01,0.205791338
6,0.02,0.63026702
6,0.03,0.486378189
34,0.02,0.250759316
55,0.01,0.328941255
25,0.02,0.207226302
48,0.02,0.529194327
25,0,0.227921834
16,0.03,0.411087738
39,0,0.282289883
36,0.01,0.318140082
48,0.01,0.550336248
1,0.02,0.318563288
34,0.02,0.197871942
34,0.03,0.529678715
39,0.57,0.741622418
6,0.03,0.36695147
37,0.06,0.429256713
48,0.02,0.434578751
6,0.03,0.413974194
25,0,0.278955728
18,0.01,0.494058405
45,0.01,0.398939724
12,0,0.686506134
34,0.01,0.512430744
1,0.04,0.775772972
39,0,0.365650185
6,0.04,0.607304706
42,0.03,0.447683433
13,0.27,0.605740325
21,0.01,0.439916817
1,0.11,0.495316047
19,0,0.22017576
9,0.01,0.236365545
42,0.01,0.143321169
48,0.03,0.569551447
48,0.17,0.716324036
4,0.03,0.442738159
12,0.01,0.490092047
13,0,0.42240125
39,0.8,0.857035911
25,0,0.193900544
18,0.01,0.380435961
34,0.06,0.662850187
34,0.06,0.270725478
25,0,0.279366017
13,0.02,0.799578402
22,0,0.715767403
44,0.24,0.676343674
23,0.02,0.38261688
41,0.01,0.483980958
23,0.01,0.342519295
21,0.01,0.425147715
39,0.02,0.360966758
44,0.04,0.304598747
42,0.01,0.204497373
6,0.07,0.538898456
34,0.01,0.195247959
25,0.02,0.169675063
46,0.01,0.284944538
39,0,0.333517262
13,0.05,0.519356755
37,0,0.413567735
55,0,0.264625649
34,0,0.309353633
37,0.01,0.575404792
5,0.02,0.348715222
8,0,0.430492539
6,0.08,0.652066944
34,0.02,0.305903717
55,0.08,0.367007611
1,0.02,0.559047813
6,0.07,0.494383768
53,0.07,0.483913102
37,0.2,0.548875607
6,0.01,0.416342197
39,0.28,0.776773922
39,0.03,0.240515442
44,0.03,0.430501946
51,0.01,0.450607305
48,0.01,0.293624215
6,0.04,0.810969913
9,0.03,0.586023379
25,0.01,0.070585021
6,0.01,0.47759294
37,0.05,0.428838771
39,0.02,0.283327548
6,0.06,0.422194232
6,0.17,0.552486594
42,0.03,0.223466271
22,0.04,0.572115411
49,0,0.665683857
6,0.08,0.436411078
55,0,0.242943865
56,0,0.510709973
45,0.02,0.614260087
18,0.01,0.296700134
25,0,0.112079581
29,0.09,0.43323352
48,0.81,0.742418035
48,0.02,0.586065071
25,0.01,0.242268904
34,0.04,0.209212297
8,0.07,0.44531776
48,0,0.55268588
34,0.03,0.168889918
34,0,0.164049873
25,0.09,0.389358361
6,0.01,0.334743366
47,0,0.485882401
37,0.01,0.438659519
12,0.1,0.786006993
55,0,0.260440841
34,0.01,0.270540605
11,0.96,0.941953143
42,0,0.207106175
55,0,0.22880947
6,0.03,0.346607935
42,0.03,0.167230889
54,0,0.469475407
55,0.29,0.413450897
28,0.03,0.631287413
42,0,0.570603568
21,0.01,0.727638675
12,0.01,0.613131528
6,0.16,0.613812404
6,0.1,0.762358866
29,0.01,0.326001852
6,0.2,0.60286695
6,0.02,0.601641501
6,1,0.749415085
25,0.12,0.210690616
55,0.01,0.20779605
40,0.01,0.442784923
6,0.01,0.569625053
48,0,0.731663356
37,0.05,0.270959514
6,0,0.587263324
39,0,0.362184193
49,0.24,0.759247609
12,0.01,0.348793981
41,0.06,0.592833397
6,0.14,0.405241065
6,0.03,0.670624821
12,0.01,0.340877522
18,0,0.418309602
9,0.02,0.237325023
1,0.01,0.350415508
39,0.03,0.219266119
25,0.01,0.397705082
39,0,0.332234751
18,0.08,0.339111203
49,0,0.207345819
25,0.01,0.331631825
45,0,0.249261938
21,0.05,0.421006746
8,0.12,0.416414766
34,0.03,0.26553785
55,0.09,0.341009622
39,0.01,0.111269964
53,0.05,0.557050156
34,0.07,0.564230019
48,0.01,0.380039342
34,0.01,0.707917751
39,0.02,0.404914023
51,0.01,0.47106423
25,0,0.360755355
53,0,0.385344654
37,0,0.434140229
48,1,0.837273222
25,0.02,0.227407974
34,0.03,0.086001572
44,0.02,0.306748357
42,0,0.452677167
6,0.06,0.537631733
42,0.01,0.417627579
4,0.04,0.374927908
48,0,0.37185135
22,0.14,0.58597619
42,0,0.148538632
5,0.01,0.293369404
39,0.05,0.292043714
39,0.01,0.198516892
18,0.02,0.253217392
9,0.02,0.246133925
48,0.06,0.501122611
40,0.01,0.526476329
34,0.02,0.462336815
18,0.01,0.337707277
1,0.04,0.650843423
6,0.26,0.508616157
25,0.03,0.24760792
40,0.11,0.496309067
28,0,0.399980635
34,0.01,0.171572556
13,0,0.470093458
6,0.09,0.610282053
34,0.01,0.173676857
6,0.13,0.600167239
36,0.02,0.420779687
34,0.01,0.388940744
6,0,0.42959682
44,0.02,0.359270902
55,0.02,0.260130973
12,0.56,1.106146585
21,0.02,0.422027077
48,0.09,0.502355077
34,0,0.316612097
6,0.05,0.540063584
33,0.04,0.402143915
42,0,0.535730045
9,0.06,0.345948124
6,0.03,0.707460721
25,0.02,0.356960406
47,0.02,0.387121242
22,0.02,0.450157767
6,0.02,0.624096605
23,0.01,0.369683513
9,0,0.189399191
13,0.01,0.544242564
13,0.06,0.334278479
25,0.14,0.562112585
47,0.02,0.396623911
42,0.03,0.419681344
42,0.05,0.737883987
48,0.02,0.402101299
5,0.1,0.551249952
6,0.04,0.506345039
4,0,0.218164068
6,0.58,0.94119992
6,0.01,0.51908829
6,0,0.420481062
6,0.01,0.345530139
42,0.04,0.124279549
51,0.2,0.490858398
6,0.03,0.739288636
1,0,0.402391382
12,0,0.497614459
36,0.01,0.357962011
6,0.16,0.615976628
29,0,0.475122893
6,0.12,0.581909516
6,0.01,0.486859401
42,0,0.176821369
9,0.02,0.154999618
41,0.06,0.528402187
19,0.08,0.400951683
55,0,0.296958392
8,0.02,0.345730392
39,0.03,0.239541111
12,0.03,0.78642867
48,0.04,0.38441245
45,0.03,0.496335716
6,0.01,0.653385476
34,0.01,0.177050749
12,0.05,0.528725198
25,0.03,0.15828752
6,0.46,0.759736186
25,0.02,0.237275374
40,0,0.467667086
33,0,0.418062296
8,0.01,0.44604628
48,0,0.568759268
42,0.01,0.228093953
34,0.01,0.47172693
25,0.04,0.284518278
13,0.04,0.728287985
34,0.07,0.324381768
42,0,0.135888674
18,0.02,0.365590348
12,0.18,0.563900252
34,0.01,0.242386741
53,0.03,0.562776548
44,0.01,0.191909723
12,0.05,0.485218017
34,0.01,0.366837943
53,0.02,0.452079628
22,0,0.52461227
34,0.03,0.699064381
6,0.02,0.310133407
25,0.03,0.309438776
41,0.69,0.763971053
42,0,0.322055224
25,0.01,0.289901577
34,0,0.160530125
48,0.02,0.317171267
6,0.02,0.591167025
22,0.01,0.554729417
55,0.04,0.134091874
39,0.08,0.321831642
6,0.04,0.675710808
39,0.04,0.122037813
29,0,0.445258312
48,0.13,0.620903931
41,0.09,0.46529195
34,0.04,0.376166221
34,0.01,0.344604181
42,0.02,0.335639234
34,0.09,0.248485368
4,0.02,0.631660626
36,0.01,0.363163069
36,0,0.33053512
25,0,0.586299136
44,0.05,0.420674435
9,0,0.359108009
42,0,0.4484019
6,0.02,0.37902567
13,0.01,0.485676214
39,0.01,0.21230942
40,0.03,0.495524872
6,0.26,0.672676428
55,0.07,0.333426399
34,0,0.226426723
34,0.02,0.237075201
42,0.58,0.706030056
19,0.01,0.241604808
19,0.09,0.525760224
9,0.09,0.48721338
9,0.04,0.148334369
25,0.02,0.292755655
48,0.11,0.601534321
6,0.03,0.485345186
1,0.01,0.263534867
48,0.02,0.521941003
6,0.08,0.433462655
25,0.02,0.221351352
47,0,0.366078582
6,0.12,0.67260248
6,0.11,0.563559824
41,0,0.533607123
34,0,0.287446547
13,0,0.505889643
22,0.78,0.925797455
6,0.12,0.586426526
34,0.02,0.261669053
48,0.1,0.604752362
34,0.02,0.259031709
39,0.08,0.393676194
42,0.04,0.18553746
48,0.03,0.728782919
6,0.02,0.869329184
48,0.13,0.700241325
34,0.03,0.367233725
1,0.02,0.50094861
28,0,0.469522703
6,0.02,0.473364024
55,0,0.248756819
25,0.03,0.273280792
6,0.04,0.522849599
6,0.05,0.73079264
1,0,0.316912051
48,0.02,0.272899298
39,0.01,0.410447349
5,0.04,0.55934479
51,0.01,0.36021227
6,0.55,0.784411421
25,0.03,0.437480196
6,0.02,0.658683957
29,0,0.347715251
1,0,0.279113247
6,0.03,0.552530501
6,0,0.497871967
5,0.02,0.569820564
18,0.01,0.484350468
12,0.05,0.424453687
22,0.06,0.683646098
34,0,0.468014841
9,0.01,0.126106295
16,0.01,0.301579508
5,0.02,0.5058103
40,0.01,0.626603702
47,0.01,0.481202166
34,0,0.089114759
48,0.12,0.683034868
39,0.05,0.28393786
39,0,0.398266233
40,0.57,0.795360926
6,0.03,0.687154266
41,0.01,0.420157562
12,0.1,0.375904535
22,0.01,0.511487552
51,0.03,0.278815341
6,0,0.726036269
4,1,0.852817836
51,0,0.26540289
25,0.05,0.327934777
39,0,0.312327052
5,0.01,0.36503339
39,0.01,0.199575133
34,0,0.426786044
40,0.02,0.503964846
48,0.07,0.617251814
23,0,0.312922866
48,0,0.366730245
54,0.04,0.48454455
6,0.02,0.594233908
48,0.01,0.727765721
32,0.09,0.61493384
42,0,0.330773257
48,0.03,0.438506921
9,0.01,0.240134747
12,0.01,0.483105316
34,0.01,0.499444646
4,0.22,0.617440757
55,0.02,0.313189722
19,0,0.317142226
42,0.01,0.386270653
25,0.01,0.206527868
48,0.03,0.552468325
45,0.03,0.346116924
54,0.01,0.355964992
32,0.4,0.931130048
55,0.04,0.37627869
25,0.11,0.418002587
39,0.01,0.359149978
48,0.1,0.37579947
53,0,0.44317521
42,0,0.246481508
23,0.01,0.364113562
25,0.02,0.195517066
6,0.07,0.61462661
48,0,0.53578868
48,0.06,0.429958059
12,0.13,0.93257093
39,0,0.448891512
34,0,0.289403527
9,0.01,0.146194874
56,0.01,0.531530913
42,0,0.41073343
54,0.01,0.487752792
47,0.11,0.473603937
48,0,0.54378486
25,0.13,0.437706834
42,0,0.217331848
34,0.12,0.949810891
48,0.01,0.430668777
29,0,0.395768881
48,0.01,0.557239761
9,0,0.317036075
6,0.07,0.629787654
48,0,0.621460453
55,0.01,0.217504158
6,0.02,0.566608605
6,0.11,0.520557106
46,0,0.359185239
42,0.07,0.392789683
6,0.1,0.609617105
5,0.03,0.426621334
28,0.3,0.698246008
28,0,0.428679267
37,0.01,0.369880055
9,0,0.238248757
53,0,0.468974256
39,0.03,0.329958566
6,0.01,0.35705843
38,0.01,0.338671219
6,0,0.521857031
34,0.02,0.237799093
36,0.07,0.502397903
12,0.04,0.601125865
25,0.07,0.356025103
18,0,0.213943827
12,0.08,0.647800065
51,0.02,0.516440262
39,0.01,0.345908393
48,0.02,0.231869804
34,0.02,0.42279693
45,0.05,0.47251708
48,0.02,0.422794886
34,0,0.363906846
9,0.01,0.181433262
34,0.01,0.380853815
6,0.03,0.639366048
40,0.03,0.399877861
48,0.01,0.495117142
25,0,0.137360408
25,0.02,0.275146984
49,0.01,0.337902587
34,0.03,0.135350849
34,0.04,0.280638753
12,0.09,0.493552549
27,0.01,0.264845907
9,0,0.36147657
6,0.02,0.605312604
29,0.03,0.281966891
18,0.01,0.362274409
6,0.04,0.347863522
29,0,0.283259233
34,0.06,0.345118927
41,0.01,0.345773535
39,0.08,0.588871096
25,0.05,0.552846598
39,0,0.375274246
42,0.01,0.31877839
9,0.04,0.299349948
55,0.07,0.417651805
34,0.02,0.289253094
48,0,0.46682066
37,0.01,0.467167055
1,0.02,0.086156989
44,0.01,0.333324227
48,0,0.632067167
12,0.06,0.626930622
25,0,0.100246604
34,0.01,0.165840205
12,0.04,0.407633148
6,0.32,0.793107276
36,0.12,0.323198007
48,0.02,0.589723888
34,0.01,0.262585978
34,0,0.444771579
36,0.36,0.67700437
53,0.04,0.416054068
6,0.05,0.448182307
35,0.03,0.616579634
34,0.04,0.403109498
6,0.03,0.520118795
41,0.06,0.341375366
55,0.03,0.231580325
34,0.06,0.542889283
1,0.3,0.652364876
22,0.03,0.596190008
12,0,0.368713041
18,0.08,0.577090011
25,0,0.311012364
8,0.13,0.487442383
6,0.01,0.532752766
34,0.02,0.360460657
25,0.02,0.222312477
6,0.09,0.498923706
9,0.02,0.303546618
49,0.01,0.472813437
13,0.01,0.121497422
9,0.01,0.136563281
34,0.01,0.343208989
2,0.35,0.749556898
25,0.03,0.415440432
34,0.01,0.528767456
27,0.01,0.1998429
48,0.06,0.601375957
48,0,0.642577161
18,0.03,0.3832494
48,0,0.510382501
39,0,0.351750023
25,0.02,0.222867487
12,0,0.409673589
42,0.12,0.396536147
6,0.21,0.666000174
34,0.02,0.247592054
6,0.02,0.580148586
37,0.01,0.381356251
47,0.96,0.868772869
18,0.03,0.61858107
34,0,0.334098791
34,0,0.357801467
55,0.01,0.210290999
22,0.07,0.673124258
24,0.05,0.483304835
53,0.01,0.476255611
34,0.03,0.259518105
6,0,0.162320789
6,0.16,0.54548762
13,0.01,0.549916484
39,0.06,0.270132919
34,0.05,0.680905888
6,0,0.377724415
48,0,0.355196247
35,0,0.458145305
42,0.04,0.364878615
51,0.03,0.448103026
6,0.01,0.188834175
6,0.05,0.493551873
53,0.27,0.727241946
25,0,0.27470945
36,0.02,0.466500803
1,0.01,0.392015413
45,0,0.47093617
53,0.03,0.524931376
37,0.05,0.503556955
22,0.1,0.623118703
41,0.16,0.607573176
34,0.04,0.541934096
36,0.25,0.604128036
12,0.09,0.399584932
10,0.03,0.457186065
29,0,0.184046781
9,0,0.311294753
34,0,0.560491719
25,0.02,0.377762637
34,0,0.076760482
25,0,0.153704742
34,0.04,0.300554984
42,0.05,0.236539182
28,0.01,0.432153137
34,0.01,0.607695765
39,0.02,0.345592417
33,0.01,0.456637355
6,0.06,0.482964723
25,0.06,0.404903606
48,0.03,0.459053788
34,0.01,0.311500526
33,0.02,0.242276936
6,0.09,0.552328626
6,0.01,0.504338184
6,0.21,0.661030468
34,0.02,0.380142852
22,0.3,0.792531684
21,0,0.302205867
6,0.04,0.681453579
12,0.06,0.552907582
36,0.09,0.469012813
45,0.02,0.459328877
6,0.17,0.59491361
29,0,0.666113285
27,0.58,0.684352192
21,0.01,0.320686406
36,0.01,0.25518575
6,0.01,0.602251633
25,0.01,0.325093552
13,0,0.359710936
9,0.03,0.229913434
21,0.01,0.352003795
23,0.02,0.410040888
55,0.03,0.479956618
45,0,0.505008884
25,0.08,0.246000184
40,0.06,0.484898849
6,0.01,0.460543192
5,0.01,0.414616436
40,0.04,0.299604396
6,0.04,0.517434451
34,0,0.172716139
55,0.01,0.335187108
12,0.06,0.870700159
34,0,0.502957068
48,0.02,0.356403007
48,0.28,0.647802214
22,0.1,0.662675406
56,0.01,0.449166529
6,0.08,0.642727122
1,0.01,0.370591559
40,0.07,0.335302074
55,0.01,0.224058376
53,0,0.667428107
35,0.06,0.586236159
51,0.23,0.539999553
6,0.15,0.511601478
16,0.05,0.448328177
55,0,0.248637108
9,0.01,0.316473599
12,0,0.582347844
39,0,0.211203773
35,0.01,0.618593116
40,0.08,0.342456273
24,0.02,0.504196728
48,0.03,0.658440477
55,0.06,0.366446031
47,0.06,0.551349527
39,0,0.372772719
48,0.03,0.373300482
37,0.08,0.539666869
39,0.01,0.317850835
55,0.01,0.276364695
39,0,0.124682372
34,0.06,0.464361725
45,0.14,0.619552629
48,0.02,0.35986918
24,0.02,0.464376702
6,0.11,0.516025806
25,0.01,0.272158621
49,0.01,0.318186435
5,0.01,0.569522527
4,0.13,0.558679374
32,0.07,0.611218152
36,0.02,0.361398827
36,0,0.347346186
42,0,0.25727892
6,0.04,0.626460993
13,0.02,0.424635741
55,0.01,0.245539653
24,0.02,0.493791608
25,0.01,0.259122986
6,0.06,0.682967109
49,0.02,0.356170746
34,0.03,0.175362771
6,0,0.199567615
34,0.01,0.222158059
2,0.03,0.715960393
47,0.01,0.11597447
6,0.05,0.684233058
48,0.01,0.497911832
48,0.03,0.469295484
55,0.01,0.088367727
12,0.03,0.614660283
48,0,0.664702039
8,0.74,0.837813006
9,0.11,0.508178714
34,0.02,0.232439564
6,0.01,0.568070249
23,0,0.264266342
55,0,0.32837708
53,0.02,0.211947352
4,0.45,0.74711328
36,0.51,0.681911937
34,0.02,0.299899777
25,0.01,0.157612711
1,0.05,0.503854878
9,0.05,0.404987973
12,0,0.360877292
49,0,0.321599702
9,0.21,0.723167922
48,0.05,0.730599421
34,0.01,0.169761425
33,0.11,0.394008842
21,0.02,0.414514614
50,0.05,0.406587088
25,0.01,0.322566692
48,0.03,0.560905387
42,0.01,0.278880017
34,0.01,0.510522985
34,0.04,0.323817071
48,0.01,0.577600071
33,0.01,0.260711845
34,0,0.562768428
18,0,0.3863913
6,0.08,0.663464348
55,0.01,0.139217934
40,0.02,0.377601162
55,0.02,0.331675236
6,0.04,0.323393924
34,0.03,0.304224263
24,0.04,0.660780259
22,0.01,0.494858958
25,0.05,0.476257945
21,0.01,0.403095868
5,0,0.3087938
28,0,0.322045726
42,0,0.08174467
55,0.06,0.158241547
6,0.1,0.677932728
12,0.06,0.612792567
40,0.01,0.451061837
42,0.03,0.175878533
19,0.02,0.371960868
37,0.02,0.325775396
25,0.01,0.246484145
34,0,0.480399231
5,0.02,0.59641472
37,0,0.436947184
36,0.01,0.189062702
8,0.03,0.428664041
32,0,0.335525981
37,0,0.21055671
6,0.07,0.408972389
18,0.04,0.710384128
41,0.04,0.476022755
19,0.14,0.566317528
34,0.01,0.170491472
48,0.02,0.307343429
48,0,0.435825485
53,0,0.616622794
48,0.01,0.60955248
5,0,0.433563084
6,0,0.426450385
39,0.04,0.27584322
48,0.4,0.614198785
25,0.01,0.286509771
44,0.02,0.36347846
12,0.22,0.975364964
6,0.03,0.521931839
48,0.02,0.565897685
51,0.01,0.289215391
48,0.12,0.499115989
48,0.02,0.633558887
9,0.06,0.258033572
34,0,0.203523971
51,0.01,0.291141821
51,0.07,0.566049501
9,0.01,0.305706462
6,0.03,0.511251092
48,0.18,0.673480606
32,0.2,0.74207044
34,0.04,0.461131865
39,0,0.197690474
6,0.03,0.493679464
29,0.01,0.413720344
51,0.62,0.468883806
21,0.01,0.373640956
37,0,0.431724254
45,0.01,0.36971067
13,0.05,0.513560862
12,0.43,0.862846696
33,0.02,0.357446181
29,0.03,0.349764566
6,0.14,0.651018307
42,0.01,0.182156227
48,0.01,0.626471294
5,0.08,0.609966863
47,0.06,0.396950613
48,0,0.466680233
56,0.01,0.421712119
12,0,0.371125494
48,0.01,0.59467793
39,0,0.380120692
25,0.02,0.349769611
33,0,0.352802346
53,0.03,0.320853812
42,0,0.437025415
34,0.01,0.344819997
8,0.1,0.460550627
9,0.02,0.207674163
51,0.01,0.352859367
6,0.27,0.683164677
27,0,0.290737311
38,0.1,0.344440129
55,0.01,0.236898141
29,0,0.203086086
6,0.14,0.588596824
25,0,0.311588175
12,0.05,0.626095067
40,0.01,0.350407805
51,0.26,0.598724385
34,0.02,0.170282959
12,0.08,0.563975227
45,0.02,0.546841932
56,0,0.41112694
12,0.01,0.492314298
25,0,0.145698363
42,0,0.195021674
6,0.12,0.808180432
42,0.01,0.248560134
42,0.01,0.250538948
42,0,0.243653644
21,0.02,0.337631603
29,0.05,0.501403682
9,0.03,0.360520144
25,0.03,0.133575506
6,0.15,0.64590742
49,0.01,0.377513254
6,0.02,0.431631291
48,0.04,0.695188191
39,0,0.29647236
39,0.01,0.359180085
12,0.06,0.776482012
40,0,0.46077458
12,0.01,0.579868122
18,0,0.255391553
51,0.4,0.668184484
6,0.14,0.694611715
42,0.01,0.482710467
34,0.09,0.339951316
53,0,0.324518104
9,0.05,0.334770292
22,0.02,0.36687925
48,0.04,0.372700126
39,0.03,0.292429583
9,0.03,0.178769438
49,0,0.751683794
34,0.03,0.490940482
6,0.2,0.658969079
37,0.1,0.523769266
47,0.03,0.185084523
34,0,0.556255921
9,0.04,0.315590686
6,0.07,0.317497881
53,0.12,0.400732071
12,0,0.439771253
25,0.01,0.336646241
48,0.01,0.36208645
6,0.05,0.475682378
39,0.01,0.417374565
45,0.08,0.602451299
42,0,0.246615025
39,0.02,0.454727238
33,0,0.280634282
19,0.03,0.296122776
53,0.03,0.532076513
25,0.01,0.272904948
29,0.05,0.459012245
48,0,0.418747468
34,0.05,0.626183632
18,0.04,0.485681815
34,0.02,0.452346757
48,0.02,0.640242186
29,0.01,0.241136573
36,0.03,0.756850029
9,0.01,0.179226397
37,0.07,0.53655925
9,0,0.215815863
6,0.05,0.543283646
53,0.01,0.525355888
6,0.02,0.411825865
28,0.06,0.68129659
29,0,0.361380137
25,0.02,0.243896286
29,0.21,0.537342376
34,0,0.239859522
1,0.05,0.266108969
6,0.16,0.396578649
49,0.02,0.469404107
48,0,0.468171325
12,0.01,0.471160022
34,0,0.247661876
38,0,0.350878512
25,0,0.208793502
34,0.21,0.755032758
13,0.01,0.727809162
40,0.01,0.453047239
40,0.7,0.89598867
9,0.06,0.441054978
18,0.08,0.585998796
28,0.05,0.667282154
13,0.01,0.500845652
22,0.07,0.656361355
34,0.05,0.236499217
34,0.02,0.400735851
48,0.01,0.423320279
34,0.43,0.972633555
48,0,0.404914446
51,0.05,0.718305612
28,0.01,0.425395161
12,0.02,0.423193792
51,0.02,0.485049985
38,0.06,0.331457447
48,0,0.399820022
54,0.04,0.470158577
47,0.01,0.395074962
54,0.03,0.234968501
29,0.04,0.351748511
55,0.12,0.53851209
21,0.03,0.469416258
4,0.07,0.49866756
37,0.01,0.34987278
46,0.01,0.276698783
34,0.01,0.189116177
12,0.25,0.791440886
48,0,0.516386681
42,0,0.313686849
55,0.07,0.310554569
42,0.02,0.271538062
48,0.02,0.572669353
42,0.01,0.243687751
45,0.11,0.599729778
51,0.02,0.368779189
25,0.01,0.387444063
6,0.07,0.551497476
6,0.1,0.413783638
23,0.05,0.486756322
25,0.1,0.713572818
28,0.01,0.680733657
34,0.04,0.373993038
34,0,0.341717302
25,0.01,0.276403466
6,0.02,0.438424173
6,0.05,0.599999936
34,0.04,0.282246359
45,0.02,0.443567926
6,0.05,0.644057527
39,0.02,0.334159858
48,0.01,0.504349833
5,0,0.426716309
4,0.21,0.508984786
25,0.12,0.397755283
39,0.03,0.44658413
9,0.03,0.331072223
39,0.01,0.300035105
34,0.01,0.30507435
25,0.04,0.266191986
18,0,0.340728993
49,0,0.335312087
1,0.02,0.376551198
40,0.01,0.485464465
6,0,0.402621367
53,0.04,0.650674791
48,0.05,0.411191924
12,0.06,0.337048355
34,0.01,0.394538219
21,0.42,0.786274508
23,0.04,0.431867758
34,0,0.544490796
6,0.2,0.727052824
29,0.02,0.239424113
39,0,0.326873875
6,0.03,0.45586777
12,0,0.502305121
34,0.01,0.199505673
6,0.02,0.682662314
24,0,0.345562608
48,0.01,0.511150515
36,0.01,0.470821356
48,0.01,0.75915729
6,0.02,0.626557677
6,0.12,0.627715654
6,0.07,0.395045374
6,0.15,0.351414267
6,0.03,0.619436322
55,0.01,0.371218546
34,0.02,0.341513352
29,0.02,0.485986117
29,0.01,0.377344809
34,0.01,0.191286827
34,0.03,0.378583318
34,0,0.17756048
42,0.01,0.193980336
29,0,0.170757404
19,0.01,0.248707917
34,0.04,0.20305723
33,0,0.304354642
35,0.03,0.495347166
36,0.02,0.37957458
54,0.08,0.516656928
6,0.07,0.604568434
47,0.01,0.423862877
4,0.01,0.715162355
6,0.06,0.367657714
13,0.01,0.446556935
6,0.11,0.604679666
41,0.01,0.358783122
34,0,0.170033533
18,0.26,0.620598104
25,0,0.302525958
6,0.16,0.457568662
6,0.07,0.366374018
39,0.01,0.395887966
6,1,0.822047797
34,0.02,0.243126792
37,0.03,0.529897169
5,0.27,0.663241105
5,0.03,0.458278521
45,0.02,0.267492094
38,0.01,0.394072794
39,0.07,0.315584549
6,0.08,0.612755903
36,0.03,0.596588085
36,0.09,0.582230436
18,1,0.792374626
6,0.09,0.658195857
25,0.01,0.203119111
34,0,0.612434116
6,1,0.852758291
45,0,0.437050535
1,0.06,0.441366827
6,0.08,0.5001992
39,0,0.264594241
37,0,0.352206482
53,0.05,0.474916756
25,0.06,0.240698416
47,0.01,0.362348988
9,0.01,0.262481889
34,0.02,0.445986669
25,0.06,0.399732019
9,0.07,0.283557098
42,0,0.20009291
13,0.01,0.561259247
39,0.01,0.268466799
1,0.01,0.391961744
9,0.05,0.251214964
44,0.01,0.289254496
28,0.02,0.52552181
12,0.01,0.311182583
6,0.05,0.597889322
9,0.16,0.574158038
25,0.08,0.396913856
6,0.2,0.677039393
