state,population,value
8,0.19,0.2028659537820469
53,0.0,0.3973879475706178
24,0.0,0.3510583692857589
34,0.04,0.173723867978286
42,0.01,0.055412643696041805
6,0.02,0.20006935220493852
44,0.01,0.08599791230672413
6,0.01,0.4480556335664917
21,0.03,0.3520417627620172
29,0.01,0.1346485824972411
6,0.13,0.29569263775843263
36,0.02,0.07463128450580214
25,0.03,0.03993496078973424
55,0.01,0.07321396004990267
6,0.04,0.2177690477826538
19,0.03,0.1960764287676652
36,0.15,0.46278768332965586
34,0.01,0.04157318328838035
18,0.02,0.1132805212970382
42,0.0,0.0692870440098598
6,0.25,0.37704591867409765
12,1.0,0.6275130470336467
41,0.01,0.20270300181758705
19,0.11,0.34593858843683184
6,0.02,0.34498063020314185
8,0.0,0.08960886137894894
6,0.06,0.7436383137308087
39,0.01,0.08348399556291844
54,0.01,0.3823374980844618
9,0.0,0.03807299415703394
1,0.01,0.14784478696212383
19,0.29,0.2798925541115079
1,0.04,0.2247377404115259
51,0.09,0.3454107007640362
6,0.03,0.1256193755396264
18,0.19,0.31679168811033526
6,0.03,0.14224328087729887
41,0.01,0.22000746714811328
40,0.02,0.2587405349442346
34,0.01,0.1110179025712828
34,0.01,0.1265776911797677
44,0.06,0.09744736367674223
1,0.0,0.693352862639568
6,0.09,0.24895855022518643
34,0.02,0.10184129995152294
8,0.12,0.11530041873200786
34,0.03,0.15740727360767331
35,0.0,0.21791407949938174
8,0.04,0.11560246371412278
33,0.01,0.14750803205993623
18,0.06,0.2713259785300201
6,0.35,0.46463282215168283
34,0.04,0.15010621023254994
34,0.02,0.0152521485059081
39,0.0,0.15536538499758887
48,0.01,0.29494766149765056
6,0.16,0.23597524072011172
53,0.0,0.20088762488276057
1,0.24,0.45311814187634264
34,0.0,0.08476116935028583
34,0.01,0.06686596389404907
51,0.02,0.17713560514326598
41,0.0,0.11224076712602649
4,0.01,0.46476867403868394
6,0.02,0.35457604340280163
6,0.04,0.14303944040109504
37,0.07,0.48861845910660234
34,0.01,0.03251525488030809
34,0.05,0.4540788488397666
36,0.0,0.13688772007921063
29,0.04,0.04788502149376041
6,0.05,0.15814592760539598
19,0.04,0.05987796398994348
9,0.02,0.00740318085481461
9,0.08,0.16984649525623718
25,0.02,0.19044059267116661
40,0.02,0.19472620862926937
48,0.08,0.6124792536108092
8,0.14,0.5266554608856178
8,0.34,0.4405978433019279
36,0.29,0.3858141994029357
49,0.09,0.31011147857381777
48,0.0,0.5186373380670821
39,0.01,0.04357747866303381
46,0.0,0.03150104564387029
29,0.0,0.09362721266696211
4,0.02,0.13191488369077736
6,0.02,0.13755204750743044
41,0.0,0.19282761570193097
6,0.04,0.2044081404390439
12,0.02,0.4778350418381418
28,0.02,0.13148581543861462
44,0.0,0.03338036859444378
41,0.0,0.078496994075132
6,0.04,0.3072741745384925
25,0.07,0.29828713500553505
6,0.03,0.3380414294475811
19,0.06,0.06908801785317834
9,0.01,0.06979187982313272
33,0.14,0.1681571514036146
40,0.11,0.3494657262955894
34,0.0,0.08341087715253394
12,0.18,0.41743542881734086
48,0.24,0.31263665001141877
46,0.0,0.0677428911781526
22,0.01,0.48142826713469616
6,0.05,0.22183553593063443
42,0.01,0.05475205063920913
48,0.0,0.2844614964283469
4,0.64,0.4609876525720639
12,0.06,0.47210130666040984
42,0.01,0.06837371745020188
25,0.02,0.04094255081476739
6,0.13,0.1735613399205542
6,0.0,0.44665126078507783
34,0.01,0.024061160412866586
6,0.16,0.9162351744816335
42,0.02,0.07339144469693888
12,0.03,0.11444736972352004
6,0.12,0.5600323698868896
12,0.06,0.21493951630967775
34,0.02,0.027401996858426134
39,0.03,0.04985926564391353
45,0.0,0.11553534448621153
33,0.02,0.139260333474392
39,0.01,0.11179950232055005
42,0.05,0.11151363610491077
6,0.01,0.2094608273715406
6,0.03,0.5427259777508868
39,0.0,0.06167799163629506
28,0.02,0.4313934280995492
25,0.0,0.10592400097569493
16,0.01,0.15518168373218533
6,0.05,0.250357848910654
34,0.1,0.10587418484826538
34,0.01,0.06701973735092218
25,0.0,0.051359615681510484
6,0.04,0.21607809165841502
47,0.0,0.32842238103974764
6,0.01,0.0846960539823726
6,0.03,0.11935872947520587
33,0.03,0.059743485795340084
5,0.03,0.5701870732392234
34,0.02,0.09280543500798592
6,0.06,0.2088469130781274
25,0.15,0.48037489951744733
22,0.34,0.8088951415879293
42,0.01,0.09782922770387933
12,0.01,0.5320890110425842
12,0.02,0.6470623766048531
48,0.12,0.27659220429008363
37,0.11,0.6332248934450955
39,0.01,0.054006204793039664
44,0.03,0.12584975798202108
12,0.0,0.6649930375750706
34,0.08,0.5257221328325357
6,0.02,0.02496122809936216
37,0.01,0.6333382131752012
12,0.14,0.43307310745652366
40,0.0,0.07649544878242795
29,0.01,0.06861830526065354
9,0.03,0.05631154545883603
25,0.04,0.12924654135231425
25,0.02,0.10619039931016752
34,0.01,0.051787469149582016
6,0.04,0.20265128715764374
51,0.04,0.09063329701804813
48,0.01,0.21327989910057527
37,0.02,0.4237099514808304
39,0.06,0.352057293022868
54,0.07,0.25632202605203513
42,0.0,0.08982388721024151
18,0.0,0.08770403234707463
48,0.03,0.23141716388166428
25,0.11,0.5962839152692407
34,0.13,0.11717467531406034
42,0.02,0.05689026042064678
34,0.35,0.8218705159147861
53,0.01,0.12151243858452601
40,0.0,0.17535501032279655
39,0.03,0.18035168569511575
35,0.0,0.2928167687300854
48,0.0,0.34724668340326137
34,0.0,0.026096006918178934
9,0.07,0.14062862433893752
37,0.28,0.4152800617849099
12,0.11,0.13094333411817155
18,0.02,0.05990511208502032
42,0.01,0.03882364059840859
39,0.02,0.053826618178132224
34,0.01,0.19555804988018152
25,0.04,0.1489750594466129
39,0.02,0.1140340292222366
48,0.02,0.10641142381298413
49,0.0,0.05335451690695661
25,0.0,0.042860682413134565
50,0.01,0.06176716850159439
13,0.2,0.5999464598338036
6,0.09,0.30936811465196873
37,0.01,0.4355622910535632
12,0.03,0.24582364827126135
34,0.0,0.10228544877160789
18,0.01,0.25333356285436737
6,0.01,0.5724833651589394
42,0.0,0.06387793171045889
41,0.16,0.18625199728548625
6,0.2,0.18449810694734647
39,0.0,0.107817886625892
25,0.03,0.08066234831469796
45,0.0,0.11870112700235652
24,0.01,0.362780653967071
54,0.0,0.06369185621320977
12,0.03,0.5677830679450104
34,0.01,0.07005573057711668
48,0.01,0.15790498760122196
6,0.07,0.3730714940890471
48,0.03,0.1378403816380618
49,0.0,0.08357627331298939
51,0.07,0.4362022014476222
23,0.02,0.06555789977243391
55,0.0,0.06494529436627489
36,0.02,0.34244924891944
42,0.07,0.47386980429181597
39,0.0,0.07206368290070692
55,0.04,0.07219302310754716
1,0.0,0.25972430783524564
48,0.02,0.5868115427029972
44,0.1,0.23966655225488126
45,0.0,0.5235555675783272
13,0.01,0.5333540405756942
19,0.0,0.1009402206918028
42,0.0,0.08257117393665105
53,0.02,0.20341775733606254
9,0.19,0.7614532590343619
25,0.03,0.09421336085536235
48,0.01,0.2023095139354647
6,0.03,0.2648133595346967
55,0.02,0.044021654365692414
25,0.05,0.20525961061396017
53,0.04,0.22059656784125659
25,0.03,0.03099480799910137
42,0.02,0.1505589630703103
6,0.11,0.3012268392701399
6,0.15,0.5817328136592868
39,0.02,0.16749355046408101
6,0.08,0.19695110294825174
6,0.08,0.6265999423030555
12,0.01,0.27600063264826236
45,0.05,0.7297013709573268
55,0.07,0.03433276260988839
37,0.62,0.6056616412172124
12,0.1,0.5882296450795401
18,0.02,0.0402839572954322
34,0.0,0.13800918014751856
42,0.01,0.03176269638549523
45,0.1,0.7990002978170063
29,0.01,0.2812538649491472
42,0.0,0.10413141176468468
54,0.01,0.09724374052135575
48,0.0,0.18127436433193084
18,0.02,0.24644019283510193
12,0.02,0.5435426883587897
51,0.31,0.7113648440469282
9,0.03,0.017753479330116492
44,0.03,0.06479116877970573
47,0.03,0.13922349222207325
1,0.28,0.49863642625574195
29,0.01,0.15673473968284904
29,0.0,0.04962363529851764
25,0.01,0.32632395501505396
25,0.03,0.11535135914363737
47,0.04,0.25208485986264767
12,0.0,0.4137040936381813
18,0.04,0.3358870489474772
25,0.0,0.10553542672169203
6,0.06,0.44327057688016697
1,0.02,0.5115430170901731
9,0.06,0.11378659693015708
9,0.01,0.09049626302376661
38,0.06,0.07118564467703695
48,0.01,0.10232011931116952
25,0.01,0.16378381624185245
42,0.01,0.09706442957697528
8,0.03,0.24904840493885327
34,0.01,0.21746058002547372
48,0.01,0.3187360593563196
34,0.03,0.4688300108713217
33,0.0,0.00600906225268848
48,0.02,0.4260424458096719
25,0.01,0.12741578463079917
34,0.02,0.11149476214789739
51,0.0,0.19606850943704424
42,0.01,0.0373576311584284
42,0.15,0.31716897265377075
39,0.02,0.12853315176200955
34,0.04,0.09604642498348934
6,0.67,0.6746136435688461
34,0.01,0.03136894642871213
6,0.0,0.34714503695320703
53,0.06,0.3486183822811039
39,0.02,0.11532371917871231
1,0.0,0.1028037761753422
1,0.01,0.30148296589028606
13,0.02,0.31828362399769156
40,0.02,0.12335617568168714
6,0.04,0.3277597346887561
48,0.09,0.3557747502304176
39,0.03,0.28825464764877007
34,0.03,0.032585921880410554
25,0.02,0.05910736440661185
29,0.01,0.13137877598355535
34,0.07,0.08744705464912197
34,0.08,0.24275805489521035
39,0.12,0.4328075633295404
34,0.01,0.10411318124619962
36,0.08,0.42824902078272176
37,0.01,0.4786364927831
6,0.01,0.38929310308998727
39,0.0,0.08659053248962839
6,0.01,0.25044891489538373
21,0.0,0.3535674126507106
40,0.02,0.17416293343911526
23,0.02,0.11426690140546367
48,0.09,0.33941447353028514
6,0.08,0.30437745058048543
4,0.02,0.33088156688399445
19,0.0,0.09571186386475791
47,0.04,0.11729522048825874
34,0.01,0.2168048305929284
6,0.04,0.35572123867757993
39,0.05,0.11845656369650867
48,0.04,0.20016267446086
34,0.03,0.019044980226240286
34,0.04,0.9830738830062444
48,0.01,0.42011488772972205
42,0.06,0.05758513191911535
49,0.12,0.08518601950167175
39,0.03,0.04535642731034556
9,0.07,0.17982163497853143
48,0.0,0.08696825292631387
34,0.11,0.12015417611323936
39,0.0,0.05875562187717255
25,0.0,0.07454006625545714
36,0.04,0.047223254996524036
55,0.01,0.05164142086622919
55,0.14,0.19323237741804425
53,0.81,0.6260344401556457
8,0.08,0.13917749204885946
34,0.0,0.07906193152017077
53,0.02,0.09419060010777398
9,0.0,0.05623007736720205
39,0.02,0.109386323248573
46,0.02,0.06550866464274183
39,0.01,0.07984611313624382
49,0.09,0.05698693968022778
36,0.01,0.18440971012928792
25,0.06,0.09968609631757787
34,0.01,0.07090269506609613
18,0.01,0.09161904535888628
40,0.0,0.06308105604777298
1,0.02,0.30826465973124645
29,0.02,0.1941003095326145
1,0.41,0.8811320064875294
41,0.0,0.08515178296290318
41,0.02,0.10084515063418231
18,0.15,0.40108084877047706
42,0.16,0.35416526286214595
48,0.01,0.1952922213891275
48,0.07,0.1365806228202617
29,0.07,0.09930462534541837
48,0.03,0.5582493874114689
13,0.03,0.24085411459673645
55,0.01,0.03821498329928718
33,0.02,0.040862000416970634
13,0.01,0.4686339759852188
6,0.02,0.32571578124600464
9,0.03,0.007290811592684687
49,0.01,0.11560008931816473
34,0.02,0.27119440969673586
45,0.01,0.2578208504664728
42,0.11,0.47132513329885656
47,0.01,0.07758587917323086
34,0.02,0.040160046982680095
8,0.0,0.11887795866967435
34,0.16,0.5188274975752953
48,0.0,0.3317952257459734
6,0.08,0.36855574580406064
48,0.0,0.29057316448675
6,0.17,0.4083496645741062
39,0.01,0.04149135291147164
6,0.0,0.16254888254369843
53,0.01,0.08405623042196841
37,0.03,0.31209344194395267
48,0.03,0.4470982523407053
48,0.0,0.04283994337777465
16,0.03,0.09177273985251631
48,0.14,0.36957584208554944
42,0.01,0.11253111553442482
51,0.01,0.30873388209693997
12,0.03,0.6803134966314681
39,0.07,0.5947428443922005
55,0.99,0.5156786650926417
22,0.0,0.21640954410041432
48,0.0,0.2714850009900714
6,0.01,0.458435237466454
4,0.01,0.38983840082978455
27,0.01,0.1683770532215832
8,0.01,0.532579487180266
37,0.06,0.6172135393257236
6,0.03,0.21457195157327058
12,0.04,0.9644876717020907
36,0.02,0.25010371072149457
37,0.01,0.21101026333156125
24,1.0,0.8834273313299696
34,0.02,0.12164091168418265
12,0.0,0.11495879329122224
18,0.0,0.05620149981036064
34,0.0,0.13404575375812416
25,0.01,0.14857117985052593
48,0.01,0.1603765141209511
1,0.03,0.715724875679431
25,0.04,0.39964533611713654
34,0.01,0.07522006334160419
21,0.05,0.5101790765110377
42,0.01,0.045102150089147516
48,0.01,0.2186956772385366
42,0.01,0.03923999024482508
45,0.03,0.6230748474607211
48,0.03,0.33694115963080284
6,0.19,0.36288941965084626
44,0.02,0.09061245035422605
6,0.58,0.6244202911027674
55,0.0,0.07037599034116705
28,0.05,0.4230452198778714
23,0.0,0.07354779063870058
34,0.0,0.09640800535572829
36,0.06,0.1356079716239813
9,0.01,0.04118530092612102
6,0.43,0.19855817394908698
8,0.03,0.2686874106895125
12,0.01,0.16015830354782254
47,0.03,0.34461966168671027
5,0.01,0.08866808680129992
39,0.01,0.09171417738976084
48,0.08,0.7526288040083233
47,0.01,0.1263840987791044
1,0.0,0.3657377791163097
34,0.08,0.9284574318470091
34,0.02,0.03727510577365466
39,0.02,0.03657065789463249
47,0.0,0.5828930969154591
55,0.04,0.07374923191091162
37,0.03,0.2851476697348228
18,0.05,0.21002363898534862
48,0.15,0.5953098263709509
49,0.01,0.08345646212853555
29,0.03,0.0984241424188694
12,0.03,0.9040228871670049
51,0.0,0.14302513932362307
33,0.02,0.018904503464894452
13,0.0,0.5418281481967102
39,0.04,0.04812408795654423
6,0.0,0.8107414995914113
25,0.06,0.20520173888439652
53,0.27,0.34673572196717706
8,0.0,0.10696453329026967
34,0.01,0.16365833847848774
6,0.02,0.16302062320897484
39,0.03,0.13761864954641528
34,0.0,0.09656439332302158
53,0.1,0.31821611319130044
49,0.1,0.07348922178516795
13,0.03,0.6191120261465775
37,0.03,0.3790431895122315
13,0.01,0.4121625068248948
53,0.01,0.26035031546471954
55,0.04,0.2692959951567861
6,0.08,0.34717624256433144
55,0.01,0.05258896070245875
47,0.01,0.29294102875442923
12,0.01,0.25148939899219797
6,0.03,0.18653868239968424
21,0.03,0.4841242285178953
48,0.05,0.16704993828819614
36,0.04,0.017816331651184555
48,0.73,0.4071056670107893
53,0.04,0.11954152431037687
39,0.03,0.10761413992396418
47,0.02,0.24387674451397773
34,0.01,0.0628302412192196
34,0.0,0.026533465016891064
28,0.02,0.4805860060719211
25,0.01,0.049487324812923145
34,0.06,0.04588891785625508
53,0.02,0.43127961850611934
35,0.0,0.29787546791679304
9,0.11,0.18311685618643783
39,0.06,0.24387480671080292
25,0.01,0.09251435449066348
6,0.25,0.8291502231680945
25,0.04,0.12265107384457324
5,0.06,0.18673780546903396
34,0.03,0.08612165179335077
55,0.0,0.02702241187227359
40,0.07,0.2800657874301076
47,0.25,0.5709746620256073
39,0.1,0.37568449329318593
41,0.07,0.10319707718579907
48,0.0,0.3148462063960473
23,0.0,0.09966364341535244
40,0.05,0.13658910494102317
55,0.11,0.24835998034660867
39,0.02,0.17185985850399538
6,0.17,0.2310987947102166
40,0.04,0.16199809570168544
42,0.0,0.034709482576759335
34,0.04,0.1636134862921108
5,0.02,0.1355216679927032
8,0.01,0.2143090890792275
19,0.0,0.04958676888914394
12,0.09,0.1165603059236234
25,0.05,0.1297078419250755
39,1.0,0.5416270040545503
5,0.0,0.30958150920187416
36,0.03,0.1340932401074023
35,0.6,0.5264484726643051
13,0.01,0.5059634245845872
36,0.0,0.15278161229733328
6,0.08,0.6337743548058936
44,0.0,0.05319666336915582
34,0.0,0.05904053692338554
8,0.04,0.07583845566011625
39,0.52,0.48212622328707594
6,0.02,0.1690132937065362
42,0.0,0.12410093522230897
45,0.01,0.20032324858041117
55,0.02,0.04482037864296297
34,0.0,0.16905780646604365
34,0.01,0.0939345358894936
37,0.01,0.6856832448052894
42,0.08,0.1255787402926902
6,0.05,0.189120830318683
42,0.01,0.08138562757740342
25,0.01,0.06437225270966235
34,0.08,0.4475282612375118
6,0.01,0.7002012905103974
34,0.01,0.13184847386198878
18,0.03,0.11425279329638646
19,0.03,0.03769299822038648
36,0.01,0.24706062891135822
19,0.02,0.0332223485565666
41,0.01,0.08039127964135157
6,0.12,0.4707580116747657
9,0.16,0.20352410935337065
34,0.02,0.021885467262704635
37,0.02,0.6002620680189183
23,0.02,0.07330901661626807
20,0.47,0.3890367963985485
6,0.04,0.24994430451773747
6,0.02,0.12082318571830783
34,0.01,0.9385024720606119
18,0.0,0.07771471383573034
34,0.05,0.08845591565356277
1,0.04,0.27462428090139185
6,1.0,0.8766173330526252
38,0.04,0.06473137944222294
47,0.03,0.2443143497520257
6,0.1,0.30672286619806255
48,0.4,0.378683605613111
48,0.02,0.26872735933473435
6,0.07,0.1340355541520893
12,0.02,0.0991434588741222
44,0.11,0.11679519434117963
36,0.03,0.18498167076695868
42,0.02,0.0704294000127415
39,0.01,0.1146906523284894
42,0.01,0.09399690805786937
25,0.02,0.04631229200647266
18,0.05,0.11951821264844484
9,0.01,0.16931198572318673
34,0.0,0.09178488411127365
34,0.0,0.07883349035959618
29,0.01,0.20120764382960618
36,0.01,0.14169442982719416
34,0.1,0.0478345864821034
9,0.01,0.07933587023119136
13,0.11,0.6519206279379939
48,0.0,0.38080594855234134
42,0.11,0.1526514273062875
56,0.03,0.0758985956326855
40,0.01,0.46865220618349657
42,0.07,0.8436126383690421
47,0.04,0.03444767646680378
34,0.0,0.06939422466010298
9,0.02,0.03299743340081655
39,0.03,0.19103535649421288
36,0.06,0.20289853983088277
25,0.07,0.21617524703776037
18,0.05,0.3050414393312124
1,0.0,0.24395665423186386
36,1.0,0.8548336964073957
6,0.04,0.4376232295185606
36,0.0,0.15027454368510446
6,0.07,0.1551458954215036
12,0.04,0.6397205895852709
21,0.01,0.1516374590265523
54,0.0,0.22004268848468614
18,0.03,0.11889024560943873
36,0.02,0.36423931242626867
42,0.02,-0.00014519771215284333
6,0.09,0.3050886045938859
42,0.04,0.22478404153645865
29,0.16,0.1819081805950821
25,0.05,0.23271255509011568
6,0.0,0.3242969638230323
36,0.01,0.3900155716444422
39,0.01,0.06762017024167088
46,0.07,0.15715433226917838
45,0.01,0.3684523931324128
6,0.05,0.1548923993502361
13,0.01,0.3957430753321302
55,0.07,0.03309731519306056
33,0.0,0.09351628786734287
25,0.05,0.11665854960151309
6,0.07,0.3370493533340757
56,0.06,0.1295949178533592
34,0.01,0.1307542910913366
23,0.02,0.08319634648998389
48,0.01,0.1837352751992947
55,0.01,0.0948824788046704
18,0.17,0.8422211972623932
34,0.13,0.8588714975029375
51,0.01,0.17724647615806327
28,0.01,0.47805337426789923
21,0.0,0.14540761619306342
41,0.03,0.09077698822556389
48,0.02,0.25318902931351717
25,0.13,0.521053489690771
12,0.08,0.16838089902338432
46,0.14,0.1513635518234976
6,0.0,0.30406732902400924
9,0.21,0.8816429154893639
1,0.0,0.2615877403963815
49,0.04,0.061508961728793915
25,0.01,0.015359783577089434
12,0.0,0.20235935689347162
48,0.0,0.20113478407162855
34,0.0,0.056249681413243546
6,0.03,0.4396147494388992
1,0.0,0.07532732070540732
51,0.01,0.09815752092539022
6,0.04,0.1405117006146201
9,0.02,0.02890075962149717
42,0.01,0.07230642394030207
50,0.01,0.18051341394635007
25,0.03,0.10113176173971
47,0.0,0.22192684479542255
6,0.03,0.13652858770249648
6,0.06,0.15559736297200993
18,0.01,0.1930376008201925
48,0.02,0.26740199058489783
29,0.02,0.03745235973600015
37,0.32,0.4205632722084152
48,0.7,0.6601249652586876
41,0.01,0.14501015904935852
6,0.08,0.2560594393055644
1,0.01,0.1378737793482946
13,0.62,0.9321184770053854
6,0.04,0.5545285611356645
25,0.91,0.7734735722695596
6,0.03,0.307830733479257
34,0.0,0.07783840034846184
49,0.05,0.0794072480076719
44,0.01,0.5316691886758318
51,0.14,0.43242840850701375
39,0.14,0.7151561509183002
47,0.23,0.6528463204782327
27,0.01,0.21046044783887724
12,0.0,0.9076522344270022
55,0.04,0.03425639430282427
39,0.01,0.48412552926218005
6,0.13,0.37647069523782845
42,1.0,0.6423856246140076
12,0.01,0.17610818613126203
53,0.05,0.26903345431861087
34,0.02,0.010509713192853376
4,0.03,0.16763379015574192
6,0.07,0.5621675910019173
53,0.07,0.3970053726619024
6,0.05,0.10881053880585045
39,0.0,0.060812734316387396
51,0.15,0.5920233776127188
6,0.07,0.6012392920924428
13,0.06,0.5733542450071902
47,0.01,0.3343274934691729
48,1.0,0.6456059530772091
34,0.04,0.03062092376641029
39,0.04,0.13023534654423247
48,0.18,0.3704607620040422
6,0.05,0.5683050293302125
6,0.05,0.4961897905268821
41,0.03,0.14953464004228717
41,0.0,0.19931055748173654
23,0.0,0.04005965760878766
6,0.09,0.1892567338494867
51,0.0,0.21348226522245722
39,0.02,0.27747274514328424
40,0.01,0.1952806084697707
12,0.02,0.2700768214662366
42,0.0,0.10008565961984053
21,0.01,0.03290447216681951
39,0.1,0.5008844416143643
27,0.02,0.0704514731497472
48,0.01,0.13776841511924062
21,0.0,0.18361409838482845
9,0.02,0.15248247298689419
6,0.05,0.30119266909410036
29,0.05,0.07349008518217096
48,0.02,0.21117136033415268
34,0.02,0.072291040493361
33,0.03,0.1511724487574962
41,0.03,0.05415189622866659
6,0.01,0.2344564386282344
6,0.03,0.7113638417777455
42,0.01,0.14604791408401058
42,0.03,0.06862541726246907
6,0.13,0.925416512586847
13,0.16,0.6498960070764421
39,0.01,0.07019080675014357
6,0.13,0.27954543034282436
48,0.01,0.05509392427519191
12,0.0,0.420864096067565
22,0.01,0.7243236357807943
39,0.02,0.17970543788008791
12,0.01,0.12750128937098362
37,0.01,0.45034677936331535
42,0.0,0.22998549265553342
33,0.0,0.1008972929200038
23,0.09,0.2807403693996751
48,0.19,0.09110380375511651
51,0.16,0.3435417308566672
25,0.01,0.16522414208549432
37,0.01,0.5895852485525801
28,0.03,0.21149038369784834
6,0.03,0.05148449605789632
24,0.02,0.2531469604078904
38,0.01,0.03800921783637114
44,0.12,0.1127679156191638
39,0.0,0.08174941613204206
50,0.0,0.07285453156330143
48,0.03,0.20897177964873273
6,0.02,0.16783087830526983
21,0.07,0.21551345084678225
55,0.02,0.04090288741830378
25,0.0,0.11457848470651133
53,0.05,0.16833977279829762
39,0.01,0.08673550452897281
37,0.0,0.2889749936183125
6,0.02,0.3497315766298644
19,0.03,0.09085001041258803
48,0.03,0.2202743622384986
41,0.02,0.1565382268927213
34,0.01,0.10406432203523205
6,0.0,0.25336415599718404
9,0.01,0.07946423491687478
34,0.0,0.0658615527174409
48,0.07,0.33344076782772997
12,0.01,0.2913251125385584
47,0.02,0.12200589926151856
6,0.03,0.3405520377970012
1,0.07,0.4235369435513396
34,0.0,0.005160232513974721
21,0.03,0.3889983717580328
36,0.01,0.10001906512619396
29,0.02,0.1762047283613496
47,0.0,0.2497244171239803
34,0.1,0.9746324210535915
36,0.09,0.3489605657364112
49,0.03,0.11944208576373422
47,0.0,0.31364175295814817
6,0.12,0.37051955070972614
47,0.06,0.5501021325938573
34,0.01,0.17192328008417251
5,0.08,0.6054893821111265
34,0.06,0.05241926299125291
37,0.01,0.11996398459694851
25,0.14,0.3348449998535382
44,0.03,0.08380348376943
1,0.02,0.029140324623892905
34,0.01,0.02970995103694561
34,0.04,0.26154304037779297
13,0.03,0.5380982371832113
55,0.01,0.029145253145650862
12,0.09,0.16442554047218966
41,0.01,0.14512890859152233
12,0.08,0.1838427633313358
55,0.0,0.06831099970821555
41,0.01,0.13195638689664033
42,0.02,0.09337481949961102
2,0.03,0.12731541216230846
42,0.0,0.04679287151007727
34,0.03,0.2483840100739499
34,0.02,0.08799717172181944
22,0.0,0.4297271666380637
48,0.02,0.3363276424140934
53,0.01,0.0822593703095876
41,0.01,0.10422226528250961
29,0.04,0.12116198546746215
8,0.44,0.28542933421664113
16,0.01,0.06601367782658274
12,0.0,0.8715082256257956
6,0.09,0.287678888466308
53,0.04,0.17324207247148654
54,0.02,0.14183552656935086
40,0.0,0.1921585547643265
34,0.13,0.06166235785108942
34,0.01,0.1001200368765434
25,0.0,0.09941360449063197
44,0.0,0.11710181976351691
13,0.01,0.21794378002037607
42,0.02,0.06546380390000467
28,0.05,0.5091566332278856
29,0.0,0.12235321668573354
48,0.03,0.07691964855586471
25,0.01,0.04787239857226763
25,0.01,0.03128547054114659
6,0.01,0.1346358112212213
12,0.0,0.21132963373057512
42,0.02,0.7951031761997405
6,0.05,0.3041029899636597
12,0.04,0.1247202783412476
9,0.03,0.06611879068230969
44,0.01,0.06233661736151548
42,0.03,0.030813828818129635
12,0.0,0.09357079519887065
6,0.02,0.24564267277608953
39,0.02,0.6207533691194858
6,0.05,0.1656712585566999
9,0.08,0.05062023145763343
42,0.0,0.024402796019910217
48,0.15,0.21576960069833687
6,0.02,0.8803433593616694
6,0.04,0.25131427604943085
18,0.12,0.39223809255832714
12,0.05,0.19817893034342748
6,0.16,0.5163823792959974
37,0.01,0.33378820009299265
35,0.04,0.30627816524357254
39,0.02,0.08316123633552781
6,0.03,0.05881454404739382
6,0.06,0.1266646317963414
9,0.0,0.05876658534700907
42,0.0,0.09714830450335778
39,0.0,0.027408579131746637
48,0.06,0.27368678921156936
24,0.0,0.6526499743175784
4,0.06,0.17472574401067237
37,0.04,0.6554655560239877
39,0.06,0.6860733859165378
48,0.02,0.307766546956167
42,0.01,0.09031965550123502
4,0.0,0.19316173767165024
37,0.01,0.24303542849341042
18,0.02,0.08369715934597137
48,0.02,0.27033935389435376
5,0.01,0.11318427854491081
45,0.05,0.6333928808392146
12,0.07,0.6935642540459204
48,0.23,0.2533042196986402
12,0.12,0.5197960383079863
12,0.03,0.6353722611100416
6,0.04,0.3835697406669182
48,0.01,0.08310037051873646
48,0.01,0.10609975379569253
13,0.05,0.39670383209903676
48,0.02,0.07249005236533361
1,0.01,0.35193472573577517
37,0.05,0.20500792258520037
39,0.01,0.08960328838141488
21,0.01,0.0644960497481309
6,0.02,0.12632728277049113
45,0.0,0.10478025077470396
6,0.07,0.07972063224628026
40,0.04,0.42084561439875806
18,0.02,0.10544462138645835
6,0.11,0.25145699069280286
6,0.14,0.31954138453024106
42,0.01,0.03478675359004908
18,0.02,0.05654173933336634
6,0.06,0.19304619962167263
25,0.07,0.1818670813883783
42,0.01,0.036017336696591185
13,0.0,0.053205188347104665
46,0.01,0.02452603426306328
5,0.03,0.11669716004714856
1,0.01,0.10524902662234101
47,0.01,0.2433270390508923
9,0.04,0.21882154093713144
48,0.01,0.40708059940313307
24,0.04,0.35967492391089273
55,0.02,0.08242987528993574
18,0.01,0.0671176866904022
36,0.02,0.23770360687908582
44,0.01,0.19084939638621465
6,0.1,0.09785957263024819
33,0.03,0.04723651243511982
6,0.16,0.38352074328264024
34,0.01,0.09965382890165783
55,0.01,0.08922293017580117
29,0.68,0.7917176983666141
34,0.0,0.04891441885153472
21,0.0,0.10404399683664509
42,0.01,0.0739415099389494
36,0.04,0.22220803397697447
49,0.04,0.04780523190610397
8,0.0,0.057104475367528884
9,0.08,0.09650204538584746
1,0.0,0.5634194178501057
16,0.06,0.1089740772858876
4,0.19,0.15532090262198017
12,0.0,0.4028451686718006
34,0.01,0.016296466485912618
25,0.01,0.1771392780909716
34,0.06,0.10509665039030902
48,0.0,0.3749257344841391
18,0.01,0.1152981711289792
6,0.06,0.2200048398445788
40,0.0,0.25654334002124884
54,0.02,0.19434649370753232
6,0.04,0.21788989366787484
44,0.01,0.06310965695078118
6,0.02,0.4386535756383922
6,0.03,0.12926989222581753
34,0.02,0.08965478109622113
55,0.01,0.017696150995349852
25,0.02,0.06263802609096952
48,0.02,0.1747388577561514
25,0.0,0.05291841731113281
16,0.03,0.15507692931827793
39,0.0,0.10554427566535735
36,0.01,0.16052015541237696
48,0.01,0.21942989932024065
1,0.02,0.12316772600529477
34,0.02,0.014055439747342385
34,0.03,0.24424427756766792
39,0.57,0.6909149529833731
6,0.03,0.1592421691515082
37,0.06,0.5570812547896793
48,0.02,0.23951281276070208
6,0.03,0.1709720899555649
25,0.0,0.15710512004075194
18,0.01,0.13921451704460197
45,0.01,0.5825107547328714
12,0.0,0.5928058195343238
34,0.01,0.18847482397391904
1,0.04,0.9395652142747601
39,0.0,0.1046287776772469
6,0.04,0.7651192931126176
42,0.03,0.25086878526886675
13,0.27,0.44214810739675
21,0.01,0.225338198686857
1,0.11,0.4857610081944404
19,0.0,0.05006877560657087
9,0.01,0.055487148273384884
42,0.01,0.014637602135593702
48,0.03,0.14334634577524036
48,0.17,0.5344034657270784
4,0.03,0.11494627357601583
12,0.01,0.1885232225690474
13,0.0,0.3038076383268644
39,0.8,0.717208034124921
25,0.0,0.05254478430199373
18,0.01,0.13264429241988374
34,0.06,0.7460449059115188
34,0.06,0.11257625369314148
25,0.0,0.13091642946691034
13,0.02,0.8227690831705299
22,0.0,0.4425900998625909
44,0.24,0.5380388715264053
23,0.02,0.10881113210059279
41,0.01,0.16642455983295643
23,0.01,0.13576317890384235
21,0.01,0.25631804068086395
39,0.02,0.09691199834895023
44,0.04,0.08341630181121727
42,0.01,0.02768931420720052
6,0.07,0.2608379542147737
34,0.01,0.056300931455646755
25,0.02,0.029320406974193337
46,0.01,0.06550606468883738
39,0.0,0.12280853374784428
13,0.05,0.4719324849887272
37,0.0,0.35468151132526554
55,0.0,0.054023099756735596
34,0.0,0.11268925336818558
37,0.01,0.4421362086390432
5,0.02,0.09391189112636832
8,0.0,0.12257091768718306
6,0.08,0.7937302443203791
34,0.02,0.07067198867884913
55,0.08,0.09107716575938814
1,0.02,0.6511588688772607
6,0.07,0.23599035440301785
53,0.07,0.15175714078977753
37,0.2,0.5304015131782225
6,0.01,0.1601711344070284
39,0.28,0.7232239400418283
39,0.03,0.041579657231336734
44,0.03,0.3691719365436204
51,0.01,0.0861780418385247
48,0.01,0.04126177463412545
6,0.04,0.44853269303047705
9,0.03,0.38510726608005824
25,0.01,0.052465850912392906
6,0.01,0.27493472705652894
37,0.05,0.2749581948852368
39,0.02,0.051422787512582696
6,0.06,0.16611455313931048
6,0.17,0.16166431591046432
42,0.03,0.01916436331873296
22,0.04,0.3505615184894387
49,0.0,0.2502199753128191
6,0.08,0.1521644913599572
55,0.0,0.07551564702889886
56,0.0,0.13547086117130452
45,0.02,0.7479632194643144
18,0.01,0.17505491502512938
25,0.0,0.03739683007931166
29,0.09,0.2242677894305064
48,0.81,0.3944633737975665
48,0.02,0.25999075611091366
25,0.01,0.056950005634240755
34,0.04,0.0970045397063917
8,0.07,0.11297717615609032
48,0.0,0.13923141254996868
34,0.03,0.045511540021832886
34,0.0,0.034351023598475694
25,0.09,0.24030241117635792
6,0.01,0.17819506247834674
47,0.0,0.4905750512202062
37,0.01,0.2424227276062232
12,0.1,0.8662954217126757
55,0.0,0.07492553281964641
34,0.01,0.05991696564954592
11,0.96,0.9262303134114562
42,0.0,0.06224999812427001
55,0.0,0.05245644261970392
6,0.03,0.10477405436916526
42,0.03,0.05225550365099878
54,0.0,0.09189651315414735
55,0.29,0.15944943713526227
28,0.03,0.40979155455795463
42,0.0,0.5942470657718455
21,0.01,0.4522434756620706
12,0.01,0.3039901996828647
6,0.16,0.2740540753276147
6,0.1,0.9223969772074083
29,0.01,0.16613340059267906
6,0.2,0.29256118312642204
6,0.02,0.2855860693272197
6,1.0,0.3412307610285208
25,0.12,0.09867626348362901
55,0.01,0.08732547626273333
40,0.01,0.20235074882752352
6,0.01,0.33248945572233296
48,0.0,0.24620048599425232
37,0.05,0.07378413990038016
6,0.0,0.2869250244886386
39,0.0,0.11967948487904156
49,0.24,0.38303537226534806
12,0.01,0.2096352086318775
41,0.06,0.2116133547132878
6,0.14,0.15495133785526816
6,0.03,0.48319522699453626
12,0.01,0.14286226725877826
18,0.0,0.11642647834109707
9,0.02,0.021307479186532016
1,0.01,0.13125816549922587
39,0.03,0.1456881303965669
25,0.01,0.15608798557309447
39,0.0,0.07532151646515815
18,0.08,0.2559924845791805
49,0.0,0.04497469139835736
25,0.01,0.1671887094382262
45,0.0,0.08231077156403382
21,0.05,0.2543578213974567
8,0.12,0.16097023108488356
34,0.03,0.07966631452337088
55,0.09,0.10456666909606918
39,0.01,0.026202058339360748
53,0.05,0.25683051856048034
34,0.07,0.37347637717713983
48,0.01,0.06600809921961893
34,0.01,0.7726934698035
39,0.02,0.11390004661676656
51,0.01,0.3345572666821438
25,0.0,0.2601755131087933
53,0.0,0.09364873765248193
37,0.0,0.18499491068408397
48,1.0,0.3771294475403381
25,0.02,0.05414128667868803
34,0.03,0.0639217823235711
44,0.02,0.18947614001785126
42,0.0,0.3111810756770056
6,0.06,0.2520830760472618
42,0.01,0.1681387085136915
4,0.04,0.1258032888031779
48,0.0,0.09451131201024204
22,0.14,0.4294760602700303
42,0.0,0.06094147461119258
5,0.01,0.07164488493852586
39,0.05,0.03817787220508033
39,0.01,0.04898899283964406
18,0.02,0.08682253642845089
9,0.02,0.04917452846110294
48,0.06,0.13548414622624266
40,0.01,0.38413485189469726
34,0.02,0.14719509774886982
18,0.01,0.12589406453228796
1,0.04,0.8267149137551211
6,0.26,0.16673298362851074
25,0.03,0.07791873022523388
40,0.11,0.15564676917362896
28,0.0,0.14203062316319276
34,0.01,0.06694871527606883
13,0.0,0.5998597600796267
6,0.09,0.2207385393782631
34,0.01,0.062032214355162124
6,0.13,0.2643254022539488
36,0.02,0.24802401194036955
34,0.01,0.11942466479371577
6,0.0,0.11688779579374381
44,0.02,0.08628057724939239
55,0.02,0.05429318958433102
12,0.56,0.9161007762764188
21,0.02,0.16802724979553296
48,0.09,0.2181021746438267
34,0.0,0.05070362388061077
6,0.05,0.1809294480391878
33,0.04,0.07664349582206718
42,0.0,0.1928106439681781
9,0.06,0.09033575742134091
6,0.03,0.4324739191873141
25,0.02,0.08935860173667182
47,0.02,0.24588586235583015
22,0.02,0.20529747644250135
6,0.02,0.6332484362518855
23,0.01,0.07756229625851171
9,0.0,0.056973849430680984
13,0.01,0.5842968795735912
13,0.06,0.07790389298820513
25,0.14,0.4824931017542577
47,0.02,0.09295011886058183
42,0.03,0.30430139601385164
42,0.05,0.9158178843428071
48,0.02,0.08075580640410066
5,0.1,0.2429911687792758
6,0.04,0.3654496904374977
4,0.0,0.0700767759222339
6,0.58,0.9359873296272263
6,0.01,0.30342799895633665
6,0.0,0.1437679457055529
6,0.01,0.18413929854747402
42,0.04,0.034094940557857896
51,0.2,0.33064754004445146
6,0.03,0.4264838165870356
1,0.0,0.2858573002224552
12,0.0,0.09033458694545088
36,0.01,0.14140231464917558
6,0.16,0.46533856013965524
29,0.0,0.455807287967202
6,0.12,0.5363509429566509
6,0.01,0.27892738022292085
42,0.0,0.013980272157248785
9,0.02,-0.00619665972600595
41,0.06,0.1840930060328151
19,0.08,0.10182276245665547
55,0.0,0.0632722087879406
8,0.02,0.07522435667867097
39,0.03,0.01996671099279329
12,0.03,0.6546730417075186
48,0.04,0.16035227210403902
45,0.03,0.6488734096637598
6,0.01,0.40224432033218277
34,0.01,0.02709476308290501
12,0.05,0.28065674543522273
25,0.03,0.07782650909778652
6,0.46,0.4706635470067418
25,0.02,0.12403663492468459
40,0.0,0.173902847739069
33,0.0,0.08708809690756392
8,0.01,0.13532952017509065
48,0.0,0.45105899578399344
42,0.01,0.062209536041260505
34,0.01,0.18178478264920392
25,0.04,0.20748141245500307
13,0.04,0.7179740967644874
34,0.07,0.060922985680090774
42,0.0,0.05379680910094506
18,0.02,0.09321474345588954
12,0.18,0.6370391932205344
34,0.01,0.06830108452039269
53,0.03,0.2173337945582383
44,0.01,0.033802230448745245
12,0.05,0.3114523879048488
34,0.01,0.07652922347404423
53,0.02,0.09689938352604542
22,0.0,0.5138034070435751
34,0.03,0.9730848464105193
6,0.02,0.08801561316102167
25,0.03,0.12610889286327592
41,0.69,0.6459190256306
42,0.0,0.06182029688717665
25,0.01,0.08323226960154471
34,0.0,0.02296454508243001
48,0.02,0.07260589339093441
6,0.02,0.25927281789211626
22,0.01,0.3273921678321842
55,0.04,0.04583122554497425
39,0.08,0.10143005355381371
6,0.04,0.3357935825074013
39,0.04,0.05925788940819178
29,0.0,0.1779448544797912
48,0.13,0.27750698992344297
41,0.09,0.1306748031975274
34,0.04,0.10088906105150149
34,0.01,0.08858131113299256
42,0.02,0.1283729245561996
34,0.09,0.026579373172749082
4,0.02,0.32865230976401466
36,0.01,0.09703104910002178
36,0.0,0.05426564906542454
25,0.0,0.30913625554667085
44,0.05,0.22587227410688385
9,0.0,0.0802059325588891
42,0.0,0.2562796527050197
6,0.02,0.13180043199164648
13,0.01,0.4551594802338985
39,0.01,0.0724584497492383
40,0.03,0.23847920178674237
6,0.26,0.45465532009481935
55,0.07,0.08621809027377302
34,0.0,0.04003852840009796
34,0.02,0.08095519123551961
42,0.58,0.5663396435549797
19,0.01,0.04100931953952021
19,0.09,0.3199696892329546
9,0.09,0.17849311715422098
9,0.04,0.06411162363272913
25,0.02,0.0914626574255464
48,0.11,0.4438249785646208
6,0.03,0.1743526926396693
1,0.01,0.10757592896645193
48,0.02,0.39474920573185424
6,0.08,0.1117872997821841
25,0.02,0.0391218878092986
47,0.0,0.1605097106545012
6,0.12,0.4908096506262664
6,0.11,0.2659781169332838
41,0.0,0.17306291643039
34,0.0,0.09170465028618233
13,0.0,0.48578998228919973
22,0.78,0.8481011864146308
6,0.12,0.2033697553429459
34,0.02,0.04377194905469277
48,0.1,0.32987094891064506
34,0.02,0.04579552044534686
39,0.08,0.12799123908355808
42,0.04,0.018342103502898027
48,0.03,0.34063970000965904
6,0.02,0.9016884666783811
48,0.13,0.3710971369902032
34,0.03,0.059355688306705526
1,0.02,0.6827235583280424
28,0.0,0.6188704483862315
6,0.02,0.24377694824372032
55,0.0,0.0606534834491709
25,0.03,0.12229647126318788
6,0.04,0.20641616930720955
6,0.05,0.5177062974788014
1,0.0,0.10343403768380846
48,0.02,0.10396436249880323
39,0.01,0.1543070416945478
5,0.04,0.41033172120834654
51,0.01,0.06509911979083223
6,0.55,0.5774342911358159
25,0.03,0.28578844209972903
6,0.02,0.4379817986448082
29,0.0,0.12041079803674057
1,0.0,0.14765288348720979
6,0.03,0.34872986936764533
6,0.0,0.21794538015745013
5,0.02,0.6451106492997094
18,0.01,0.11623908315701445
12,0.05,0.16270135305203215
22,0.06,0.7962480557911846
34,0.0,0.2727379412941508
9,0.01,0.021960134668958006
16,0.01,0.06492461801785
5,0.02,0.3479438148573754
40,0.01,0.2889843900198525
47,0.01,0.35272327334253617
34,0.0,0.04263026729639818
48,0.12,0.2618299808222528
39,0.05,0.13792459092931764
39,0.0,0.0967299315988191
40,0.57,0.5801508383356517
6,0.03,0.5125490463721949
41,0.01,0.1377287663547349
12,0.1,0.13020071671777395
22,0.01,0.4255276192140482
51,0.03,0.09704882564029128
6,0.0,0.5692094999514794
4,1.0,0.5369928803047432
51,0.0,0.0928675460061501
25,0.05,0.162882801059378
39,0.0,0.14351373007756418
5,0.01,0.08518926344775876
39,0.01,0.03734310095086137
34,0.0,0.12374457530834704
40,0.02,0.30941368121034674
48,0.07,0.3152002360353661
23,0.0,0.040529431000637245
48,0.0,0.08526908521283774
54,0.04,0.1931171687762187
6,0.02,0.24011687756102046
48,0.01,0.4901388829201853
32,0.09,0.1765841732897931
42,0.0,0.0832835878813334
48,0.03,0.2810787291921501
9,0.01,0.008845470865377326
12,0.01,0.3057234973714499
34,0.01,0.1707921729953472
4,0.22,0.3662351621624154
55,0.02,0.06392653403081566
19,0.0,0.04909541138678786
42,0.01,0.09242931105340409
25,0.01,0.06963878961548098
48,0.03,0.28564067281477606
45,0.03,0.09145671898361082
54,0.01,0.16052851208832733
32,0.4,0.5075690292977768
55,0.04,0.0619468959939765
25,0.11,0.1800621873778891
39,0.01,0.1052561993001658
48,0.1,0.10829837763786462
53,0.0,0.08886933133622638
42,0.0,0.06843556558845468
23,0.01,0.08954514236157718
25,0.02,0.09687397416587049
6,0.07,0.5522222508882315
48,0.0,0.36114829962424017
48,0.06,0.12363376606193272
12,0.13,0.7019595649777004
39,0.0,0.21135442152841136
34,0.0,0.0625837847287545
9,0.01,0.012948158330693967
56,0.01,0.1716606997566207
42,0.0,0.2024404411668087
54,0.01,0.19762230893152577
47,0.11,0.35093532902575325
48,0.0,0.1993886265842274
25,0.13,0.3214687990856124
42,0.0,0.04108553576058857
34,0.12,0.9585407682850715
48,0.01,0.07247341370784197
29,0.0,0.2199757738804844
48,0.01,0.22651848551685427
9,0.0,0.09657278904507091
6,0.07,0.2075059059631057
48,0.0,0.39983159823261555
55,0.01,0.03269508490619992
6,0.02,0.39960293874022695
6,0.11,0.3102165515426193
46,0.0,0.10296914016468567
42,0.07,0.15882916671907055
6,0.1,0.5223956927859943
5,0.03,0.10483057651418026
28,0.3,0.6408011964291529
28,0.0,0.40284308194562995
37,0.01,0.41774634572782826
9,0.0,0.03426137775530791
53,0.0,0.25229623761459297
39,0.03,0.17224475299071915
6,0.01,0.1406005380803717
38,0.01,0.05114153746206307
6,0.0,0.15096174734023826
34,0.02,0.03252075958803899
36,0.07,0.19906954961354173
12,0.04,0.4376050267625984
25,0.07,0.12885341381146226
18,0.0,0.0836569225925097
12,0.08,0.802181646122897
51,0.02,0.3786628220749217
39,0.01,0.10790963968564143
48,0.02,0.09000092845065534
34,0.02,0.25077831056895133
45,0.05,0.5501247875403004
48,0.02,0.17208089922515327
34,0.0,0.12321408227227143
9,0.01,0.02075138683274729
34,0.01,0.06212904474813463
6,0.03,0.47978554978771354
40,0.03,0.14431944589394813
48,0.01,0.3236690429343282
25,0.0,0.03466447902218057
25,0.02,0.07170334087335314
49,0.01,0.0945551884593229
34,0.03,0.05643008395176746
34,0.04,0.10239434700980538
12,0.09,0.2488302069885745
27,0.01,0.09795487619357118
9,0.0,0.12945617490360223
6,0.02,0.5450457032467471
29,0.03,0.06925223107256293
18,0.01,0.09776772369652421
6,0.04,0.14261575567411838
29,0.0,0.13592039352135848
34,0.06,0.12409151777109509
41,0.01,0.05847213449027036
39,0.08,0.4353842343970012
25,0.05,0.426839707219134
39,0.0,0.04430399765947479
42,0.01,0.08546172838774016
9,0.04,0.05544108671154266
55,0.07,0.0943931697483748
34,0.02,0.05853089643118878
48,0.0,0.2356660137923146
37,0.01,0.45822079920643577
1,0.02,0.035418701631359566
44,0.01,0.0713960470208968
48,0.0,0.40032558706973115
12,0.06,0.5598350645226877
25,0.0,0.06880465510745419
34,0.01,0.03994717270735333
12,0.04,0.1747067323485043
6,0.32,0.5885853053730841
36,0.12,0.0726265107490564
48,0.02,0.2917211601764137
34,0.01,0.09343436720309772
34,0.0,0.16210873958018227
36,0.36,0.5787996522082035
53,0.04,0.09988732827067523
6,0.05,0.16669439631296168
35,0.03,0.42998251569561036
34,0.04,0.16212517633282392
6,0.03,0.2998367178316243
41,0.06,0.07762677844657229
55,0.03,0.027743337398638324
34,0.06,0.19164318751177367
1,0.3,0.5392382344583273
22,0.03,0.4861768223084682
12,0.0,0.22039148175876808
18,0.08,0.23941233054723993
25,0.0,0.07101632754132203
8,0.13,0.13590035720078808
6,0.01,0.38754837376163137
34,0.02,0.2887794328835011
25,0.02,0.06588224723046017
6,0.09,0.2806274597539801
9,0.02,0.08524905512163186
49,0.01,0.07602496899860939
13,0.01,0.04374586074145809
9,0.01,0.012513230156270878
34,0.01,0.03883844248356154
2,0.35,0.3316541255045547
25,0.03,0.1634085039324493
34,0.01,0.30277339171612894
27,0.01,0.050283104168873466
48,0.06,0.44284211604403784
48,0.0,0.18943710357643262
18,0.03,0.09242083895926055
48,0.0,0.23458504742357356
39,0.0,0.06846334227432806
25,0.02,0.028913711093437232
12,0.0,0.24686924450662995
42,0.12,0.19139117094601943
6,0.21,0.4917350650631788
34,0.02,0.10042878051388222
6,0.02,0.47076471266691194
37,0.01,0.29987203359245684
47,0.96,0.7154724556673142
18,0.03,0.15717506695178177
34,0.0,0.08426795189396796
34,0.0,0.09432756534763466
55,0.01,0.03945395062339846
22,0.07,0.7230437675591239
24,0.05,0.3213063537826177
53,0.01,0.13988324224920862
34,0.03,0.0061571620631618446
6,0.0,0.11862144085524304
6,0.16,0.18764934377919515
13,0.01,0.43968020157372395
39,0.06,0.04124641467949017
34,0.05,0.321059200244985
6,0.0,0.15627939787894207
48,0.0,0.08328072334879691
35,0.0,0.1867207235410591
42,0.04,0.06931927514747627
51,0.03,0.16069206302994155
6,0.01,0.09789332156201884
6,0.05,0.2484643663925355
53,0.27,0.5141672460842559
25,0.0,0.12816548128814026
36,0.02,0.2056118402493478
1,0.01,0.2738027033054668
45,0.0,0.5079890470387993
53,0.03,0.2646455271998745
37,0.05,0.6108585123682453
22,0.1,0.4816837487874999
41,0.16,0.2240193942972494
34,0.04,0.33629346706559055
36,0.25,0.470930345821648
12,0.09,0.1729108126354758
10,0.03,0.40130044870716863
29,0.0,0.04896921753152447
9,0.0,0.06419691203874862
34,0.0,0.1834989338126377
25,0.02,0.22639079790182506
34,0.0,0.045122029634155444
25,0.0,0.03792394530923698
34,0.04,0.06245728238672449
42,0.05,0.04916049866738326
28,0.01,0.34170279170125184
34,0.01,0.8094449717431491
39,0.02,0.1138618262651594
33,0.01,0.22095995858944426
6,0.06,0.2426291514062366
25,0.06,0.2003581493496339
48,0.03,0.11024835634239394
34,0.01,0.07034557008889938
33,0.02,0.0038192305584941466
6,0.09,0.37930656014691566
6,0.01,0.18438945103043536
6,0.21,0.2964416290378009
34,0.02,0.108781919586484
22,0.3,0.5861922025783493
21,0.0,0.24894767854579003
6,0.04,0.43378472305302956
12,0.06,0.4139236386205137
36,0.09,0.2742366100169389
45,0.02,0.3148168223376447
6,0.17,0.1988470521849611
29,0.0,0.46135032440308005
27,0.58,0.6653741921811958
21,0.01,0.15085135956768161
36,0.01,0.1105976480730316
6,0.01,0.22624757094465664
25,0.01,0.10589906051566725
13,0.0,0.08343844988735608
9,0.03,0.07568202099990277
21,0.01,0.1463262589223664
23,0.02,0.09071310748451933
55,0.03,0.1789635967588367
45,0.0,0.47965203822681585
25,0.08,0.21771815690048923
40,0.06,0.23471885092994094
6,0.01,0.24183728022545842
5,0.01,0.13886344864956565
40,0.04,0.09092865249996926
6,0.04,0.2578031992362768
34,0.0,0.09463549145797748
55,0.01,0.06845621147319068
12,0.06,0.9253628274369097
34,0.0,0.19753295847743654
48,0.02,0.0896324124586142
48,0.28,0.31259773557064613
22,0.1,0.38949129939429766
56,0.01,0.0896335609570525
6,0.08,0.576063336473315
1,0.01,0.3034713441759091
40,0.07,0.07398164909927307
55,0.01,0.0716439679029922
53,0.0,0.33254524175743444
35,0.06,0.3502333264762068
51,0.23,0.2640912379312607
6,0.15,0.19422178145057417
16,0.05,0.1354717862030672
55,0.0,0.05860773081843092
9,0.01,0.08921333438013776
12,0.0,0.4844526619406943
39,0.0,0.08001791017230467
35,0.01,0.541310433132191
40,0.08,0.07726008633960191
24,0.02,0.23944636774803674
48,0.03,0.1440247543264318
55,0.06,0.07806921948206777
47,0.06,0.211365126578412
39,0.0,0.08555270156359981
48,0.03,0.10531686247510152
37,0.08,0.3923128814822635
39,0.01,0.14680052453207015
55,0.01,0.08040544495686931
39,0.0,0.048133033334277375
34,0.06,0.2609877206277788
45,0.14,0.6247667577266554
48,0.02,0.08290998105557393
24,0.02,0.3547332426391752
6,0.11,0.25519103302348844
25,0.01,0.08204614166332186
49,0.01,0.0953734388888552
5,0.01,0.7161653909046852
4,0.13,0.18505276938553566
32,0.07,0.17133870972595175
36,0.02,0.13330779281023858
36,0.0,0.1440593833395742
42,0.0,0.08575787957600972
6,0.04,0.5726675948120217
13,0.02,0.333071989774615
55,0.01,0.08290686942063358
24,0.02,0.5117356728544105
25,0.01,0.13363653096684247
6,0.06,0.7119492846248672
49,0.02,0.07481460678266505
34,0.03,0.03986029372460198
6,0.0,0.16878756749478824
34,0.01,0.11458921107551193
2,0.03,0.31375517627378324
47,0.01,0.03937028614277907
6,0.05,0.5368622294284247
48,0.01,0.27128008097138095
48,0.03,0.10629319555060224
55,0.01,0.05221828018838315
12,0.03,0.36359551728263884
48,0.0,0.28714769212885377
8,0.74,0.6705103395755265
9,0.11,0.36229846123940135
34,0.02,0.010038381924108955
6,0.01,0.34412143638262344
23,0.0,0.11168500753154603
55,0.0,0.07254831352226956
53,0.02,0.04850410677417981
4,0.45,0.3142378888188365
36,0.51,0.6188331603795394
34,0.02,0.048027650107680925
25,0.01,0.06614231566237186
1,0.05,0.35030294802332596
9,0.05,0.21050605527932797
12,0.0,0.29446066218939226
49,0.0,0.09469375210543536
9,0.21,0.7156899278890048
48,0.05,0.40175884994216066
34,0.01,0.041435671028260124
33,0.11,0.10405095839154366
21,0.02,0.25925764074855606
50,0.05,0.21555432892135956
25,0.01,0.08192842701719558
48,0.03,0.4299844929772321
42,0.01,0.09266584867139752
34,0.01,0.2848588750159717
34,0.04,0.15180155113781144
48,0.01,0.2292948775522196
33,0.01,0.04116368596453174
34,0.0,0.22209089813636118
18,0.0,0.16479062414154522
6,0.08,0.3385034697424135
55,0.01,0.027199369220656036
40,0.02,0.07960193984342645
55,0.02,0.050085571198253645
6,0.04,0.07227045010050369
34,0.03,0.029979074762244484
24,0.04,0.5692018773800909
22,0.01,0.46990689788059675
25,0.05,0.19939026902187662
21,0.01,0.23578703574359255
5,0.0,0.2495724436826423
28,0.0,0.09323624029368656
42,0.0,0.060318841652171246
55,0.06,0.056046094171886815
6,0.1,0.5900838259979104
12,0.06,0.6305321066185723
40,0.01,0.230029683325776
42,0.03,0.05888928838653419
19,0.02,0.07543207086354334
37,0.02,0.23688923053439642
25,0.01,0.09239138410675911
34,0.0,0.3023097758048704
5,0.02,0.5190861245243863
37,0.0,0.5128056610625287
36,0.01,0.07771144052610451
8,0.03,0.13434832718216083
32,0.0,0.11298556236840504
37,0.0,0.09563082543368089
6,0.07,0.17240087141215868
18,0.04,0.8194770930089368
41,0.04,0.15930170107765898
19,0.14,0.35176990678524256
34,0.01,0.04771495710825323
48,0.02,0.042252176063964475
48,0.0,0.23706028222742204
53,0.0,0.34925995502041046
48,0.01,0.25837108720754054
5,0.0,0.3592284630003089
6,0.0,0.19674153573749736
39,0.04,0.03398406117271458
48,0.4,0.2681549290919744
25,0.01,0.054382260207755495
44,0.02,0.1133673523305663
12,0.22,0.8791456493278025
6,0.03,0.34468385926110995
48,0.02,0.4216964103390037
51,0.01,0.11812311356821509
48,0.12,0.11513004924017395
48,0.02,0.49215891232094483
9,0.06,0.07828546109336174
34,0.0,0.04470320412683634
51,0.01,0.10053243336021925
51,0.07,0.505272072844795
9,0.01,0.06619862808018669
6,0.03,0.2242144504570413
48,0.18,0.313524061217948
32,0.2,0.39356894180987184
34,0.04,0.18265042157755398
39,0.0,0.03439612562838013
6,0.03,0.16422794778355487
29,0.01,0.13912677693340236
51,0.62,0.27644744985351877
21,0.01,0.20389912706407928
37,0.0,0.41232821361255695
45,0.01,0.20505334381833487
13,0.05,0.3128984817152727
12,0.43,0.7879689038067998
33,0.02,0.08196336804865369
29,0.03,0.0923240567062196
6,0.14,0.2349050325520472
42,0.01,0.05768233927208605
48,0.01,0.4008689220901731
5,0.08,0.4731000884472481
47,0.06,0.2425892488736306
48,0.0,0.28069488427394945
56,0.01,0.15431810921780842
12,0.0,0.1318599924811972
48,0.01,0.3834169580983818
39,0.0,0.18262218790037316
25,0.02,0.10611569589776876
33,0.0,0.09606385557989218
53,0.03,0.11430536664107357
42,0.0,0.13447488245483796
34,0.01,0.11990239234402922
8,0.1,0.15464656859342535
9,0.02,0.02940419617851886
51,0.01,0.20014885080511297
6,0.27,0.26301788659270503
27,0.0,0.04688686850992384
38,0.1,0.06497759155188931
55,0.01,0.03475988413125099
29,0.0,0.04030328210460592
6,0.14,0.3678135688465331
25,0.0,0.09706063145075015
12,0.05,0.6272475331657454
40,0.01,0.2070689542327444
51,0.26,0.4617401696455359
34,0.02,0.06739384441144967
12,0.08,0.28306112948115425
45,0.02,0.3660775069488555
56,0.0,0.12812634210796903
12,0.01,0.27874954558672677
25,0.0,0.055231848631134395
42,0.0,0.04823122128164972
6,0.12,0.7746423999528091
42,0.01,0.04456223555943417
42,0.01,0.05492731915930618
42,0.0,0.06156275194611338
21,0.02,0.13810724688318932
29,0.05,0.19505543057566532
9,0.03,0.12147357384905133
25,0.03,0.04777951862099851
6,0.15,0.44942005429360893
49,0.01,0.06206472476300476
6,0.02,0.20226330941113987
48,0.04,0.22594353023735025
39,0.0,0.10893100284323451
39,0.01,0.11813567070345987
12,0.06,0.6481139261151125
40,0.0,0.27408990558201957
12,0.01,0.6159458799915083
18,0.0,0.05052179329303268
51,0.4,0.6354497843886464
6,0.14,0.5625607618773687
42,0.01,0.36633200322889503
34,0.09,0.08210066992593575
53,0.0,0.10945832599952365
9,0.05,0.06518533308807711
22,0.02,0.24673402221773338
48,0.04,0.12310750682686442
39,0.03,0.02441879748824182
9,0.03,0.07721613740011124
49,0.0,0.3776844187227775
34,0.03,0.2770720994926837
6,0.2,0.39878831512480734
37,0.1,0.44188602079452577
47,0.03,0.054448232879190844
34,0.0,0.3494459455584413
9,0.04,0.060049426878970275
6,0.07,0.08649172707796421
53,0.12,0.14045914779794577
12,0.0,0.21276534635741878
25,0.01,0.15444755484370667
48,0.01,0.12043251005069061
6,0.05,0.259581240025197
39,0.01,0.10756794082532475
45,0.08,0.6401552026692285
42,0.0,0.0880557593611255
39,0.02,0.3141719810943112
33,0.0,0.05071393768075508
19,0.03,0.10425007839521319
53,0.03,0.23205477668523616
25,0.01,0.06062525883123146
29,0.05,0.42402122660547664
48,0.0,0.14919560083816968
34,0.05,0.6722427116492067
18,0.04,0.24122423959502765
34,0.02,0.18396162376207897
48,0.02,0.2931987049249662
29,0.01,0.07963977029238756
36,0.03,0.857317831740029
9,0.01,0.03127013066070796
37,0.07,0.6387881714886012
9,0.0,0.03699117314157758
6,0.05,0.2698531471220236
53,0.01,0.2765418463320115
6,0.02,0.25213141721594295
28,0.06,0.6911980913888653
29,0.0,0.12192794231597084
25,0.02,0.05611046822867362
29,0.21,0.18316609981383358
34,0.0,0.06518746250804597
1,0.05,0.061956485291545293
6,0.16,0.1229217909479692
49,0.02,0.17827115338491714
48,0.0,0.20442215829833532
12,0.01,0.42665963040143456
34,0.0,0.05906107996520306
38,0.0,0.05927329255348471
25,0.0,0.08328958481909281
34,0.21,0.7840809531393169
13,0.01,0.7147369212256645
40,0.01,0.17364375098322188
40,0.7,0.6314865002423813
9,0.06,0.20407915267642024
18,0.08,0.37307003279147843
28,0.05,0.545689769473064
13,0.01,0.45425982667937276
22,0.07,0.3441176384924207
34,0.05,0.031738184656210894
34,0.02,0.11611569231149352
48,0.01,0.08315564820164376
34,0.43,1.006298734454145
48,0.0,0.06890852982926592
51,0.05,0.7900259805956404
28,0.01,0.09925986482341677
12,0.02,0.20150568573793898
51,0.02,0.2559214742312186
38,0.06,0.07516407058545346
48,0.0,0.08252874569224053
54,0.04,0.2097035896151595
47,0.01,0.2086871373355442
54,0.03,0.09019038399395488
29,0.04,0.1368543911507104
55,0.12,0.36154033530732427
21,0.03,0.2704652528258368
4,0.07,0.16802144638648195
37,0.01,0.25778420560462006
46,0.01,0.04545099709380354
34,0.01,0.021437345241590293
12,0.25,0.7742823174913216
48,0.0,0.16277090693794077
42,0.0,0.08900936536450024
55,0.07,0.06113302473622495
42,0.02,0.09923701291608025
48,0.02,0.30397044037052723
42,0.01,0.06119411626088121
45,0.11,0.6294748627553519
51,0.02,0.12505576567931265
25,0.01,0.14882634523106797
6,0.07,0.233802834435261
6,0.1,0.24210968794467264
23,0.05,0.24605609079760066
25,0.1,0.6779262194406948
28,0.01,0.7501690262238343
34,0.04,0.20720626958136257
34,0.0,0.1156730616701605
25,0.01,0.07612410284912735
6,0.02,0.1625403950505005
6,0.05,0.29952692578044177
34,0.04,0.020555864208951183
45,0.02,0.23902249315066876
6,0.05,0.3471431466981756
39,0.02,0.13532053655910484
48,0.01,0.29075887560079294
5,0.0,0.11367341763361735
4,0.21,0.21055971625809616
25,0.12,0.23630094816493746
39,0.03,0.24227061566982466
9,0.03,0.09154747568723973
39,0.01,0.07945474181566897
34,0.01,0.09463997951579496
25,0.04,0.06512453106499537
18,0.0,0.11896870908307186
49,0.0,0.06724805428770501
1,0.02,0.1483893518357352
40,0.01,0.11357764635816486
6,0.0,0.2572493952551101
53,0.04,0.27958426136454617
48,0.05,0.12142507597858926
12,0.06,0.17250206785313973
34,0.01,0.1220816815604332
21,0.42,0.7306798519009114
23,0.04,0.16010430279279553
34,0.0,0.31985907479110864
6,0.2,0.5947186650305618
29,0.02,0.08379680676718612
39,0.0,0.12625304720018016
6,0.03,0.13799581355124085
12,0.0,0.2675359756759343
34,0.01,0.06206158634878339
6,0.02,0.6196997335455441
24,0.0,0.158093177743592
48,0.01,0.3043972853874942
36,0.01,0.26383274291685854
48,0.01,0.33851853850326313
6,0.02,0.3484115784305714
6,0.12,0.3309965960633286
6,0.07,0.15327121088084383
6,0.15,0.11498201653072049
6,0.03,0.39354460825521675
55,0.01,0.07430180400587469
34,0.02,0.02331619243267409
29,0.02,0.18956436427808426
29,0.01,0.15301162523831488
34,0.01,0.02488160896935663
34,0.03,0.16486232335327763
34,0.0,0.03714337230266472
42,0.01,0.03737137520980282
29,0.0,0.11623698994872911
19,0.01,0.059494490353561136
34,0.04,0.08183630343176343
33,0.0,0.11896419506844347
35,0.03,0.25164485569815254
36,0.02,0.14987635458942533
54,0.08,0.4387301524782986
6,0.07,0.2250459991086607
47,0.01,0.22086085635122438
4,0.01,0.33557760035326745
6,0.06,0.1376561698121228
13,0.01,0.1908048582236721
6,0.11,0.2593598340369592
41,0.01,0.12938088403026549
34,0.0,0.03635647671254648
18,0.26,0.39040226123623756
25,0.0,0.09100241496141667
6,0.16,0.12661163654252738
6,0.07,0.15233341665128897
39,0.01,0.16002649551838566
6,1.0,0.5327916278825535
34,0.02,0.06866588576351366
37,0.03,0.32716065108650455
5,0.27,0.5127105747580574
5,0.03,0.23473925765942838
45,0.02,0.1874281722123757
38,0.01,0.12476971520667132
39,0.07,0.2360250852171511
6,0.08,0.40754068590257486
36,0.03,0.5901851872803938
36,0.09,0.6761483856054848
18,1.0,0.5909108452495448
6,0.09,0.24523885901687853
25,0.01,0.032946530385134204
34,0.0,0.3115354627672417
6,1.0,0.6349673254698052
45,0.0,0.24153471943691146
1,0.06,0.2816989651511201
6,0.08,0.2538966320381078
39,0.0,0.05199238024469481
37,0.0,0.3238942884594635
53,0.05,0.13693544409696137
25,0.06,0.1221179497436074
47,0.01,0.10460850841583974
9,0.01,0.0218524618826169
34,0.02,0.18415215409311478
25,0.06,0.21896954459781676
9,0.07,0.0986554643217763
42,0.0,0.08607993220762851
13,0.01,0.36875824025231796
39,0.01,0.07496347488623556
1,0.01,0.3333786130077261
9,0.05,0.045817106618952386
44,0.01,0.06434169435726446
28,0.02,0.5808704588507718
12,0.01,0.13965143860904902
6,0.05,0.38702508229741195
9,0.16,0.4113906010227614
25,0.08,0.16954874444358112
6,0.2,0.4945818710195055
